fact_id,date_id,state_id,total_tests,positive_tests,positivity_rate,vaccination_coverage_pct,booster_coverage_pct,hospital_beds,doctors,phc_count,chc_count,icu_utilization_pct,bed_occupancy_pct,reporting_compliance_pct,turnaround_time_days,reporting_rate_pct
1,1,1,22918,4084,17.82,76.8,51.4,12451,1793,179,47,68.7,48.7,61.9,4.9,83.9
2,1,2,1323,64,4.85,91.6,51.6,465,65,10,0,77.1,38.7,98.3,2.2,96.2
3,1,3,28315,1734.5,14.68,71.1,37.2,8002,2955,119,74,76.9,55.2,72.6,1,71
4,1,4,90239,8653,9.59,79.8,26.1,10373,4215,979,373,83.3,60.4,98.1,4.1,98.4
5,1,5,23747,3931,16.56,90,52.3,7966,760,158,23,78.7,47.9,74.1,1.1,81.8
6,1,6,664,101,15.27,72.1,26.7,310,110,9,3,74.2,69.4,72.7,2.7,91.4
7,1,7,74550,11137,14.94,60.6,40,12093,3298,533,149,94.4,41,74.4,2.9,79.2
8,1,8,29403,3611,12.28,56.1,34.5,7043,1074,87,17,74.1,89.4,85.7,1.1,96.6
9,1,9,7689,1095,14.24,92.6,42.1,852,483,54,7,65.2,88.2,66.4,2.1,91.6
10,1,10,35298,1393,3.95,74.7,33.2,11388,1778,232,64,39.9,57,96.6,1.3,68.9
11,1,11,53001,2620,4.94,72.4,23.8,15101,5352,499,72,74.6,35.8,85.8,4,76.8
12,1,12,35293,1935,5.48,60.9,39.2,3400,2462,235,51,65,75.2,64.2,3.8,74.9
13,1,13,89890,6339,7.05,59.5,35,19741,6073,333,248,50.9,52.6,75.1,0.7,74.1
14,1,14,58443,3418,5.85,59.7,22.3,27888,8370,537,96,85.2,87.3,99.4,4.5,80.9
15,1,15,2121,318,15.04,71.1,51.2,735,117,12,7,96.4,64.7,77.4,1.3,83.8
16,1,16,1516,145,9.59,76.3,29.5,624,239,19,3,39.7,79.4,81.9,1.5,69.6
17,1,17,1190,66,5.62,77.9,34.8,140,26,6,2,78,51.6,83.7,0.6,94.1
18,1,18,2018,254,12.63,66.2,39.2,267,89,6,4,50.3,55.1,81.7,4.2,96.8
19,1,19,49086,1734.5,10.69,95.7,46,7004,1835,169,136,85.9,44.6,87.5,1.6,63.1
20,1,20,26219,1717,6.55,88.7,28.8,5700,2207,154,77,37.7,49.2,60.5,4.4,68.9
21,1,21,84550,3552,4.2,68,28.8,17391,6492,456,240,44.8,70.2,69.4,1,74.3
22,1,22,379,36,9.56,57,26.4,118,24,3,2,65.4,48.2,65.9,4.1,57.9
23,1,23,37869,1208,3.19,61.4,37.9,18220,6443,444,47,45,39.2,70.7,4.7,75.4
24,1,24,19469,2056,10.56,68.5,47.2,10178,2579,305,45,56.4,67.4,96.8,0.6,98.9
25,1,25,3832,440,11.48,55.6,27,559,230,26,10,57.7,38.2,85.1,2,93.7
26,1,26,199868,20165,10.09,50.9,28.1,22589,16829,1231,526,41.8,88.3,86.7,2.3,60.8
27,1,27,15937,721,4.53,77.7,34.2,5648,1742,54,23,46.3,89,80.1,2,96.9
28,1,28,47835,6995,14.62,91,41.9,9116,7725,300,172,56,95.8,80.1,4.5,82.7
29,1,29,29787,2912,9.78,73.1,38.6,8578,2544,228,69,42.7,95,72.6,4.6,61.4
30,1,30,14224,2532,17.81,77.9,25.9,2212,1061,35,38,63.3,75.2,73.2,0.7,61.4
31,1,31,355,60,17.07,95.4,60.6,88,12,2,0,32.8,73.5,92.6,3.7,81.5
32,1,32,1217,49,4.1,82,56.8,372,114,7,2,72.9,55.4,92.4,3.7,78.1
33,2,1,38117,2295,6.02,59,35,5497,3730,140,72,76,74.1,65.4,3.3,91.5
34,2,2,1823,237,13.01,96.8,53.3,180,124,11,3,65.2,76.4,89.9,1.3,96.1
35,2,3,30324,1348,4.45,68.3,46.5,8688,765,148,56,31.1,69.7,96.6,4.8,70.2
36,2,4,95354,13284,13.93,45.7,15.8,29321,6347,349,183,84,64.5,61.6,3.9,64
37,2,5,28162,1045,3.71,83.8,37.1,3414,1988,197,23,93.7,78,73.1,1.6,63.4
38,2,6,844,117,13.92,54.5,16.5,207,99,9,2,67.3,41.6,92.6,2.7,78.7
39,2,7,31965,3094,9.68,91.7,53.9,10000,2377,550,192,48.1,89.9,99.9,4.4,88
40,2,8,16433,1010,6.15,73.3,37.8,4736,1120,75,20,74.9,70.7,98.3,2,86.4
41,2,9,2938,436,14.85,58.7,39.9,588,166,54,20,39.7,36.5,98.3,2.9,85.1
42,2,10,35123,1414,4.03,64.7,23.4,9607,1394,250,83,45.6,92.7,69.9,2.9,68.5
43,2,11,75390,2787,3.7,55,36.3,18025,4899,534,52,39.6,38.1,78.5,3.4,79.3
44,2,12,14603,2316,15.87,74.4,26.4,4557,1834,175,76,58.1,88.5,89.6,3.5,94.8
45,2,13,95888,13908,14.5,58.4,22.3,9684,3180,666,185,50.8,70,78,3.1,73.8
46,2,14,115078,18500,16.08,93.1,59.5,18082,11039,821,313,64.9,72,93.4,1.2,75.1
47,2,15,2926,242,8.3,91.5,51.8,813,240,17,7,89.3,96.5,90.4,3.1,86
48,2,16,2912,160,5.53,50.2,35,997,140,20,5,38.2,89.2,73.7,4,98.2
49,2,17,1184,1734.5,6.36,57.9,34,188,91,9,2,87.9,96.3,94.5,3.2,61.5
50,2,18,1457,99,6.81,61.7,36.4,270,196,13,2,59.6,53.4,64.8,2.6,77.3
51,2,19,47646,2875,6.03,81,43.7,8295,4013,354,91,36.2,92.2,75.7,4.3,87.3
52,2,20,14690,2223,15.14,62.4,40.2,7484,1669,68,83,92.2,95.6,96.8,2.6,93.3
53,2,21,69595,9524,13.69,50.5,29.4,8994,3085,297,93,36.4,63.6,91.2,3.8,65.6
54,2,22,487,58,11.99,76.9,25.4,78,41,1,1,45.3,58.8,90.3,2.2,69.4
55,2,23,31986,804,2.51,54.2,16.8,22236,6369,601,218,90.9,73.2,88.9,2,57.5
56,2,24,27213,3632,13.35,76.3,39.9,10349,1548,120,89,60,92.6,77.5,1.9,90.1
57,2,25,2532,324,12.82,73.8,43.8,1129,157,26,10,82.7,61.7,67.6,4.6,82
58,2,26,124012,16042,12.94,75.9,46,4897.5,13039,639,519,56,57.4,63.3,4.2,61
59,2,27,18017,700,3.89,50.1,15.9,4496,1754,89,50,83.4,59.7,80.1,4.1,99.5
60,2,28,98870,16266,16.45,72.4,43.2,29565,5847,370,230,68.1,44.7,96.5,2.6,58.2
61,2,29,27419,2493,9.09,88.4,43.1,3030,1814,100,51,85.3,45.1,66.3,3.4,74.9
62,2,30,5494,495,9.02,96.1,47.1,1422,933,65,32,43.3,94.4,60.1,4.5,57.8
63,2,31,193,14,7.59,91.3,51.8,30,6,0,0,51.6,96.2,91.8,1.1,55.9
64,2,32,1047,137,13.14,69.4,21.5,189,59,9,1,50.7,69,83.2,1,56.7
65,3,1,52508,4355,8.3,45.2,29.2,4609,2424,408,72,73.7,96.6,64.4,2.3,71.7
66,3,2,761,56,7.42,65,44.6,158,128,7,0,53.6,45.9,74.6,4,95
67,3,3,18491,2839,15.36,80.4,24.4,6491,2694,208,25,100,100,96,4.2,64.7
68,3,4,145250,20366,14.02,78.6,49.3,11202,3170,788,100,76.6,64.9,66.5,0.5,68.6
69,3,5,13621,1229,9.03,74.9,49.6,8661,893,63,24,95.7,50.5,75.6,1.4,78.9
70,3,6,997,151,15.17,70.9,34.3,175,117,11,1,84.5,45.8,81.1,3.3,82.9
71,3,7,36835,4405,11.96,84.2,52.5,16119,2036,216,64,97.1,58.4,90.8,3,69
72,3,8,11735,1939,16.52,87.5,58.9,5254,1821,193,72,65.4,39.4,66.5,4.6,58.5
73,3,9,23532,1734.5,13.99,45.1,16.9,925,503,16,5,42.7,74.5,68.9,4.3,72.4
74,3,10,30293,2428,8.02,66.7,32.1,5479,2115,167,40,89.9,42.2,62.5,1.3,76.8
75,3,11,42871,7566,17.65,99,56,15359,5420,176,199,75.2,74,90.6,1.2,60.2
76,3,12,36215,1478,4.08,83.8,53.7,4923,2204,173,87,72.8,83.1,89.7,3.4,71.1
77,3,13,71733,11306,15.76,90.6,47.1,4897.5,2123,305,251,31.1,89,98.9,1.3,70.4
78,3,14,141058,6035,4.28,71.1,49,33189,5554,328,249,79.5,43.7,69.5,2.5,80.3
79,3,15,2218,254,11.49,75.6,25,455,146,16,8,83.8,84.9,83.4,3.1,91.7
80,3,16,1897,83,4.41,50.1,34.3,919,222,10,1,73.5,79.1,88.4,3,56.5
81,3,17,915,43,4.75,62.5,41.8,196,100,4,1,83.9,53.2,69.9,3.5,64.6
82,3,18,2341,307,13.11,62.8,30.6,486,153,6,2,96.7,49.3,66.6,2.3,88.9
83,3,19,22323,1671,7.49,71.1,18.1,13577,2616,358,120,97,52.7,80.9,2.8,78.4
84,3,20,12986,1524,11.74,83.1,54.6,7682,1382,109,58,93.8,40.1,74.9,3.2,60.8
85,3,21,80031,11239,14.04,75.7,26.5,21412,1998,642,148,64.2,56.2,81.9,4.4,72.6
86,3,22,488,79,16.22,59.9,26.7,66,24,2,1,96.4,40.9,72.2,1.1,87.5
87,3,23,59042,4813,8.15,88.4,48.9,14712,2232,328,45,48.2,91.8,72,3.3,89.9
88,3,24,26568,1151,4.33,56,29.1,3685,1122,307,75,46.3,51.8,99.8,2.9,60.3
89,3,25,2319,328,14.19,81.3,39.7,610,289,14,5,90.9,52.9,80,1.3,55.5
90,3,26,169898,7622,4.49,87.2,30.1,64305,15689,542,290,45,96.7,75.1,1,90.1
91,3,27,12195,681,5.59,51.2,32.7,3356,1777,77,15,47.6,44.5,73.1,4,91.9
92,3,28,94135,13764,14.62,71.1,26.4,15452,6340,752,99,74.7,93.5,67.3,0.7,74.1
93,3,29,15220,1680,11.04,77.4,50.6,3979,2541,117,80,52.5,96.5,87.6,4.9,92
94,3,30,12986,2031,15.65,74.8,31,2967,391,57,36,70.2,86.6,96.5,1,73.2
95,3,31,197,25,12.92,63.3,33.3,77,17,1,0,76.9,51.8,84.8,2.7,97.8
96,3,32,718,47,6.63,69.3,35.4,180,75,11,3,44,52.1,63.6,0.9,65.9
97,4,1,29384,4097,13.95,90.9,53.8,9566,3333,422,86,46.5,36.7,74.6,0.8,67.5
98,4,2,1840,244,13.28,65.6,24.6,4897.5,142,12,2,83,43.6,83,1.5,56.8
99,4,3,31884,2757,8.65,88.1,41.1,2865,1468,249,72,53.7,51.4,85.3,1.5,88.6
100,4,4,53609,8798,16.41,45.2,22,29623,8533,508,233,63.6,88.5,61.7,3.9,72.2
101,4,5,28091,4582,16.31,71.1,39.1,2440,643,163,47,83.1,88.7,67,0.9,91.1
102,4,6,1690,126,7.49,58,18,314,102,8,2,36.3,68.1,74.5,3.7,99.4
103,4,7,62081,6240,10.05,61.5,22.2,8383,2015,411,191,46.5,54.7,92.3,4.4,78.1
104,4,8,22700,917,4.04,89.2,36.3,5912,2095,195,49,44.6,50.4,67.9,2.8,77.3
105,4,9,7380,592,8.03,76.9,33.2,1211,442,46,15,72.5,90.1,62,0.6,86.1
106,4,10,22218,3288,14.8,82.1,40.7,6617,1364,165,39,54.6,51.9,98.9,3.3,85.5
107,4,11,31206,3692,11.83,78.2,34.6,15398,1535,471,88,54.6,75.8,73.7,2.7,98.8
108,4,12,24249,2135,8.81,52.5,35.7,8319,1819,190,82,55,92,63.9,4.1,67.7
109,4,13,34766,5077,14.6,49.8,22.9,23923,6300,417,119,46.4,37.8,75.5,2.7,65.1
110,4,14,79625,9305,11.69,69.3,47.5,12452,7041,595,304,92.5,55.8,92.4,4.4,79.9
111,4,15,3161,113,3.58,92.2,63.1,814,87,6,4,48.9,70.6,60.1,2.9,95.9
112,4,16,2764,74,2.7,71.4,40.5,503,286,26,7,67.5,58.9,79.6,2.2,81.3
113,4,17,690,26,3.88,97.8,39.7,251,82,6,2,47.5,90.1,76,3,62.8
114,4,18,1594,203,12.77,77.3,36.9,241,74,16,5,59.1,90.9,67.6,0.9,99.9
115,4,19,38217,6566,17.18,74.2,36.6,11107,2481,221,86,44.8,61.3,88.7,2.6,84.3
116,4,20,35517,4513,12.71,71.9,47.8,7753,1458,187,53,71.8,74.3,80.9,2.4,68.6
117,4,21,51698,8594,16.63,71.1,32.7,4897.5,6297,636,103,81,86,92,4.1,72.3
118,4,22,403,42,10.58,91.7,46.4,200,20,2,1,96,74,81.9,2.7,59.2
119,4,23,77369,2512,3.25,60.9,19.2,22800,4405,492,113,63.1,94.9,92.9,1.2,63.2
120,4,24,39590,960,2.43,65.2,39.7,3781,1785,301,31,45.8,43,65.5,1.3,97.1
121,4,25,3933,608,15.47,46,16.5,1096,140,10,5,54.2,72.3,77.3,1.7,76.6
122,4,26,179039,13400,7.48,84.2,37,4897.5,8950,1109,308,58.4,58.3,82.6,4.5,90.3
123,4,27,18706,2369,12.67,66.4,46.3,3040,521,138,47,35,68.7,61,4.2,61.5
124,4,28,57999,7571,13.05,83.8,35.9,21611,2199,793,115,85.4,52,66.9,1.2,99.3
125,4,29,17522,1820,10.39,74.2,39.2,6741,2444,78,61,60.6,43.8,97.7,1.3,82.9
126,4,30,9663,1352,14,93.8,32.6,3586,600,38,26,90.3,69.7,86.4,2,55.1
127,4,31,134,15,11.75,88.7,60.4,60,7,0,0,68.5,50.7,77.6,4.5,90.6
128,4,32,1737,239,13.8,46.6,21.2,263,74,4,2,37.1,83.2,69.5,1.2,74.4
129,5,1,24974,2954,11.83,81,32.9,4711,1996,329,52,33,83.8,75.9,3.5,94.8
130,5,2,1148,96,8.41,94,51.3,163,106,4,2,44.5,85.8,87,3.7,59.7
131,5,3,33445,2336,6.98,88.4,35.6,10571,1602,121,46,92.1,95.8,89.6,4.4,55
132,5,4,126006,8521,6.76,55,23.4,4897.5,5345,917,156,81.4,96.8,95.1,3.2,96.5
133,5,5,30343,1012,3.34,94.5,28.5,2578,2109,174,84,50.7,79.4,65.1,1.6,66.2
134,5,6,1837,265,14.44,91.5,42.1,387,143,6,1,95.4,68.4,87.8,1.7,91.2
135,5,7,79357,1734.5,11.86,88.6,53.7,20366,1691,193,122,80.9,52.4,90.1,0.8,67.7
136,5,8,29540,3108,10.52,70.2,35.4,4859,787,101,49,81.4,46.1,63,4.2,76.1
137,5,9,5894,1051,17.84,49.9,24.5,1122,579,21,21,93.8,57.4,63.5,4.2,63.2
138,5,10,41302,7057,17.09,71.7,24.6,7933,1895,202,69,78.9,49.4,80.1,1.7,97.8
139,5,11,55203,6423,11.64,61.1,30.6,19399,2169,341,140,60,42.9,77.9,3.9,80.1
140,5,12,41451,7451,17.98,68.2,41.5,9456,2943,92,62,38.8,65.6,94.7,2.5,87.6
141,5,13,37407,1734.5,2.31,56.7,24.6,21382,4295,511,67,60.8,38,73.1,0.5,56.8
142,5,14,73215,10160,13.88,68.2,44.4,12274,8768,548,194,63.1,62,92.7,1.9,68
143,5,15,3103,344,11.11,80.1,27.8,511,255,17,4,88.6,73.4,98.5,2.8,60.8
144,5,16,2518,300,11.95,98.2,41,522,246,19,6,51.4,47,63,2.4,64.1
145,5,17,1226,66,5.45,56.4,31.4,263,28,8,1,39.9,56.4,66.4,3.4,66.2
146,5,18,880,120,13.74,71.1,56.1,194,88,17,5,88.1,54.2,61.1,0.6,93.9
147,5,19,40237,6113,15.19,87.8,45.6,4897.5,3873,336,26,75.6,96,80.1,4.1,60.8
148,5,20,32859,2057,6.26,66.3,36.4,4021,1820,234,54,56.9,92.2,88.1,3.7,66.3
149,5,21,61148,1734.5,4.95,69.7,22.1,13182,4511,190,91,63.6,40.5,86,1,87.1
150,5,22,287,16,5.7,62.3,20.7,78,30,3,1,91.5,69.4,86.2,3.9,83.4
151,5,23,82760,11108,13.42,93.2,56.2,6323,2544,547,205,62.9,49.7,67.1,4.7,84.2
152,5,24,40996,5443,13.28,50.3,18,10641,2488,99,78,40.1,95.1,86.3,2,69.1
153,5,25,4573,1734.5,12.98,77.4,36.1,834,350,30,4,60.1,64.7,88.3,0.6,67.5
154,5,26,153874,4760,3.09,77.7,34.4,68530,12517,1070,515,90.2,68.5,77.5,4.2,74.4
155,5,27,15222,1193,7.84,86.6,28.3,1849,808,43,18,56.6,41.9,92.4,5,62.7
156,5,28,92708,13267,14.31,73.7,45.8,19251,6060,270,207,39.2,59.8,60.6,2.5,78
157,5,29,29507,4654,15.77,77.5,40.7,5969,1718,237,26,53.4,66.7,84.6,2.6,87.1
158,5,30,16189,2528,15.62,92.2,29.7,2097,1002,77,12,30.8,58,82.2,1.1,86
159,5,31,234,38,16.44,47.9,28.2,66,11,0,0,55.1,36.7,96.4,2.1,70.5
160,5,32,961,142,14.86,76.6,51.2,428,122,6,3,93.3,58,66,2.7,98.2
161,6,1,62452,7573,12.13,70.9,30.5,6942,4001,247,49,76.7,93.4,73.9,3.6,65.5
162,6,2,707,71,10.1,83,25.7,466,113,8,4,57.5,60.7,66.3,3.3,80.7
163,6,3,23961,1618,6.75,86,33.5,4580,1313,219,53,84.8,85.5,95.4,0.9,77.9
164,6,4,100389,4046,4.03,56.8,27,28786,9552,445,175,83,90.7,92.4,4.6,85.6
165,6,5,25611,3075,12.01,93.8,42.9,3059,1572,235,69,73,68.3,66.8,1.5,65.9
166,6,6,1322,134,10.2,61.1,31.9,302,135,10,1,97.2,67.9,97.9,4.7,98.5
167,6,7,58231,8452,14.52,92.7,59.5,16800,5847,388,119,53.7,56.5,66,4,85.9
168,6,8,13091,1637,12.51,81.1,28.8,7351,2057,115,42,71.6,66.6,73.2,3.6,91.7
169,6,9,3892,613,15.76,87.6,33.1,4897.5,275,54,5,84.9,83.7,85.7,1,85.7
170,6,10,22023,2411,10.95,94,32,9506,3436,210,100,52.9,47.7,79.4,4.1,84.3
171,6,11,60797,3253,5.35,85.8,41.1,12672,4325,307,70,82.4,61.5,86.9,4.8,87.1
172,6,12,27555,3165,11.49,62.1,34.1,6045,2284,199,61,95.8,86.9,73.6,1.5,96.7
173,6,13,44171,2807,6.36,71.1,48.4,4897.5,5170,468,69,32,48.4,87.2,4.8,93.8
174,6,14,65614,6759,10.3,86.6,42,15217,7308,958,170,72.8,74.5,74.7,3.3,92.3
175,6,15,1973,191,9.71,50.7,29.5,439,183,14,7,49.1,93.2,88.1,3.5,74.6
176,6,16,1645,78,4.79,60,19.5,753,77,15,8,38.9,90.4,75.9,3.4,82.3
177,6,17,849,76,8.96,53.7,37.1,162,57,3,0,31.6,60.6,61.3,2.7,85.1
178,6,18,1346,42,3.16,75.6,45.3,447,50,15,3,34.9,85.2,95.6,3.5,98.9
179,6,19,35129,5908,16.82,56,31.4,7235,947,213,76,30.1,86.8,86.3,0.5,58.1
180,6,20,12470,513,4.12,54.9,22.5,4384,1605,147,85,40.4,83,84.5,3.2,97.3
181,6,21,96143,15028,15.63,76.8,32,21920,2537,324,222,31.1,42.6,69,4.9,84.1
182,6,22,651,99,15.24,94.7,45.5,102,14,2,0,85,40.9,97.1,2.6,69
183,6,23,44254,7302,16.5,62.7,21.4,7609,5098,488,48,78.6,69.4,84.9,2,84.8
184,6,24,21877,1208,5.52,72.5,42.8,4551,2710,214,37,87,49.3,79.3,2.9,68.8
185,6,25,4542,118,2.61,54.3,36.6,1019,218,24,8,32.4,65.7,74.1,2.2,81.9
186,6,26,127528,8449,6.63,71.1,17.9,53890,10054,699,332,70.5,54.9,76.6,4.3,96.4
187,6,27,20491,2327,11.36,63.8,43.1,5502,1358,96,17,48.8,42.8,60.4,1.3,66.9
188,6,28,46654,2105,4.51,83.1,46.5,21314,5839,343,94,39.8,71.6,64.9,3.1,84.7
189,6,29,26059,1012,3.89,45.9,29.3,7946,2483,116,67,55.6,64.8,80,2.4,65.8
190,6,30,8531,346,4.06,74.5,51.6,2330,971,47,38,54.5,56.1,71.4,1.7,62.1
191,6,31,348,29,8.49,87.8,53.7,43,9,0,0,72.2,73,66,1.1,89.3
192,6,32,1246,148,11.95,68.7,42.8,335,101,9,3,39.1,96.7,69.2,3.9,78.4
193,7,1,46809,5677,12.13,57.8,39.2,15104,4772,278,159,68.3,39.3,90.7,3.9,79.2
194,7,2,1062,136,12.83,82.2,30.8,425,85,6,1,65,94.4,69.7,2,70.5
195,7,3,38307,6337,16.54,70.1,37.8,4793,2843,217,84,56.8,95.4,78.9,3.7,62.3
196,7,4,127931,3445,2.69,91,36.6,10928,9922,931,310,88.4,82,77.4,4.9,92.6
197,7,5,17870,415,2.33,66,38.9,6615,942,88,88,36.3,35.9,81.7,1.5,95.6
198,7,6,1654,215,13.04,46.3,20,398,67,8,1,72.5,73.7,81.3,2.8,57.8
199,7,7,45129,5230,11.59,45.2,27.7,7572,1833,329,201,34.2,67,93,1.3,66.4
200,7,8,26874,2856,10.63,80.9,37.9,5604,2382,212,26,87,37.9,90.2,2.6,89.9
201,7,9,7071,1011,14.31,83.6,56.9,1318,475,52,16,82.4,94.5,97.9,3.6,92.3
202,7,10,43398,1734.5,3.33,75.1,34.5,4078,1722,203,31,34.1,69.5,65.2,2,68.7
203,7,11,28709,659,2.3,51,22.2,19485,3510,519,67,41.5,56.8,67.3,4.5,98.9
204,7,12,27107,2062,7.61,45.6,18.6,4630,1535,138,99,58.4,88.5,91,3.9,76.9
205,7,13,34267,1324,3.87,65.3,45.7,7268,4972,353,186,95.8,76,65.6,1.4,88.3
206,7,14,94548,11271,11.92,54.8,20.3,36035,4584,487,162,48.5,93.1,61.9,1.7,57.6
207,7,15,2736,94,3.47,60.8,41.4,342,181,9,2,37.4,91.4,70.8,3.7,70.9
208,7,16,1788,96,5.42,83.5,35.2,483,264,10,4,89.6,61.3,66.4,4.4,66.7
209,7,17,717,108,15.13,71.1,43.6,213,76,4,1,55.4,71.4,79.1,0.7,61.2
210,7,18,1205,166,13.81,68.4,24.9,409,156,12,1,54.8,95.3,95.7,0.9,74
211,7,19,41909,1901,4.54,54.8,23.8,9714,2862,193,132,41.4,88.5,87.1,3.8,80.7
212,7,20,33915,2528,7.46,84.3,51,2413,885,68,60,42.6,64.9,82.1,3.1,92.6
213,7,21,79261,6952,8.77,89.8,58.5,14432,3534,360,52,88.1,60.4,80.1,0.6,74.6
214,7,22,699,26,3.81,47.1,14.7,155,26,4,1,42.5,72.9,75.6,2.7,71.5
215,7,23,81736,1919,2.35,49.5,15.5,13543,5842,509,151,49.2,83.2,86.3,0.6,94.9
216,7,24,18292,1043,5.7,58.6,27.8,10560,1088,150,87,55.5,91.7,89.9,3.7,78.6
217,7,25,4003,240,6,76.5,32.1,806,174,30,9,51.8,82.3,90.7,1.4,73.3
218,7,26,273771,25337,9.25,71.1,45.5,22517,6413,1663,468,42.5,83.8,88.6,1.6,83.4
219,7,27,23563,3117,13.23,47.8,29.8,4311,1062,90,56,59.4,38,79.6,1.9,57.1
220,7,28,70243,2220,3.16,72.8,29.7,23079,3527,688,297,41.3,80,92.3,3,77.8
221,7,29,16944,2460,14.52,58.4,23.5,3512,1158,194,91,87.4,90.6,76.4,1.3,68.2
222,7,30,12720,1390,10.93,75.2,46.4,3452,844,74,28,72.7,54.6,88.8,4.6,64
223,7,31,152,9,6.52,71.1,41.4,89,13,1,0,31.5,63.5,82.7,0.5,96.9
224,7,32,1427,138,9.71,96.7,58.6,382,107,9,3,100,100,79.2,3.7,87.8
225,8,1,35908,6166,17.17,71.1,44.7,5090,4580,279,124,86.8,82.4,68.2,4,85.3
226,8,2,1705,176,10.34,97.9,64.3,172,60,7,1,75.5,51.4,76.2,2.2,93.6
227,8,3,32153,4315,13.42,95.5,53.4,2981,2997,262,100,53.3,37.3,80.8,3.9,94.3
228,8,4,54280,5642,10.39,53,36.6,21636,4710,840,354,97.7,67.4,69,1.5,95.7
229,8,5,18413,2142,11.63,66,22.6,2785,2558,81,69,95.2,92.6,72,2.4,86.1
230,8,6,1533,80,5.26,50.3,17.5,217,111,4,3,37.8,50.2,81.5,1.4,99
231,8,7,33847,3303,9.76,75.9,52.8,18451,3380,262,141,32.3,50.5,69.5,3.3,89.2
232,8,8,28780,1985,6.9,55.1,35.1,4081,2272,149,21,45,37,68.3,1.6,61.1
233,8,9,6306,220,3.49,91.6,51.6,764,200,47,3,64.1,94.3,88.6,1.7,86.3
234,8,10,45207,1339,2.96,69.3,37.2,6789,970,114,92,39.5,70.7,97.9,4.4,86.2
235,8,11,31437,2078,6.61,80.5,31.7,14690,3334,337,54,93.3,93.4,87.4,2.5,84.9
236,8,12,32961,3583,10.87,65.6,41.1,9530,1219,161,20,69.4,62.4,87.9,0.5,64.4
237,8,13,86600,7100,8.2,73.9,34.4,7849,2015,665,58,80.7,44.3,70.2,1.7,78
238,8,14,129062,15588,12.08,67.1,26.8,21613,11048,460,108,69.4,41.7,78.2,0.6,56.8
239,8,15,1266,67,5.3,73.3,25.4,823,176,11,1,61.6,36,86,4.3,59.7
240,8,16,1704,196,11.54,71,31.2,346,212,9,5,68.3,86.1,95.9,3.7,96.9
241,8,17,1302,79,6.09,81.1,54.5,352,53,3,2,89.5,72.2,82.9,0.7,78.3
242,8,18,2016,154,7.67,70.8,24.5,504,183,10,3,42.1,51.8,96.6,4.8,90.1
243,8,19,30050,2166,7.21,70.1,39.6,10202,2647,108,46,95.9,91.6,94,1.9,79.7
244,8,20,26179,2715,10.37,50,30.2,6665,2298,95,40,84.7,36.9,72.6,3.6,59.2
245,8,21,85336,12448,14.59,49.4,25.1,20122,5492,479,51,92.1,66.7,90.1,3.5,59.1
246,8,22,774,138,17.91,49.5,18.4,112,38,4,1,68.1,42,83.2,2.3,57
247,8,23,42836,3592,8.39,58.5,36.1,15030,2971,286,140,54.7,75.1,88.3,2,83.5
248,8,24,40251,1367,3.4,76,47.1,9574,3410,130,65,65.4,44.5,68,3.7,92.1
249,8,25,1973,113,5.77,83.9,26.1,617,321,27,6,43,70.3,72.3,2.9,61.8
250,8,26,128566,16553,12.88,76.7,35.7,64757,11818,719,601,94.6,88.3,90.5,4.7,67.5
251,8,27,10449,1454,13.92,90.7,63.1,3518,882,120,18,30.2,67.4,85.4,2.8,63.6
252,8,28,90447,5313,5.87,67.1,28.3,10964,7878,562,211,95.5,37.9,69,1.4,92.9
253,8,29,29710,2461,8.29,55,35,8768,1783,247,63,66.6,49.1,63.1,2.6,79.4
254,8,30,11500,1646,14.32,73.7,47.5,1572,953,67,37,60.2,80.9,77.5,4.3,88.2
255,8,31,290,25,8.65,46,29.1,4897.5,18,1,0,88.5,95.6,72.5,4.8,74.8
256,8,32,689,87,12.64,63.6,19.7,215,47,9,3,93.1,70.7,73.6,2.8,68.5
257,9,1,40361,7159,17.74,92.6,40,4700,1875,343,34,58,60.2,83.9,2.6,60.5
258,9,2,692,50,7.29,76.7,51.1,366,130,5,1,73.1,38.6,98,4.2,81.6
259,9,3,29071,2337,8.04,60.9,25.5,6390,1640,181,47,95,53.7,70.6,3.7,59.3
260,9,4,127581,22184,17.39,66.8,28.8,29807,4519,445,367,63.2,52.2,69.1,3.8,88
261,9,5,15275,1557,10.2,97.8,56.5,7578,1754,78,21,75.1,81.7,93.6,3.9,99.9
262,9,6,1048,138,13.21,47.1,17.5,169,65,7,2,75.3,37.8,95.7,4.4,98.3
263,9,7,80446,14171,17.62,70.8,47,9842,3836,200,161,91.9,77.1,78.4,4.8,63.2
264,9,8,34485,1255,3.64,63.9,23.2,5683,1455,200,60,100,100,73.1,1,63.4
265,9,9,3959,391,9.9,72.7,38.9,965,473,49,16,46.6,53.5,72.1,1.1,91.9
266,9,10,44723,1614,3.61,64.8,40.2,4889,1948,80,115,52.7,69.6,69.9,1.4,82
267,9,11,58577,8707,14.87,70.1,24.4,14167,4535,136,127,74.1,61,91.5,1.7,61
268,9,12,39493,2368,6,71.1,35,6072,1622,194,91,52.2,61,83.7,1.2,85
269,9,13,79785,5750,7.21,71.6,36,8436,1723,272,250,64.1,72.3,66.7,0.7,78.3
270,9,14,51394,8886,17.29,86.6,52.1,25597,8500,630,91,71.9,86.8,80.1,3.8,63.7
271,9,15,3101,279,9.02,75.8,29.2,797,164,12,2,96,39.5,74.4,1.4,87.2
272,9,16,1911,231,12.12,78.8,41.5,375,92,18,5,53.2,48.7,71.1,1.9,79.1
273,9,17,886,89,10.11,65.2,43.7,110,30,5,1,81.8,61.5,74.3,4.4,78.4
274,9,18,2564,85,3.33,63.5,25.2,417,63,17,4,30.7,48.7,68.5,0.6,85.1
275,9,19,19641,2092,10.65,66.8,22.1,11149,1531,322,25,85.8,40.9,95.8,1.8,93.3
276,9,20,18749,3161,16.86,70.3,29.5,2881,1463,115,41,97,43.8,80.1,1.1,93.5
277,9,21,48383,7473,15.45,54.1,32.4,19243,3224,539,226,33.4,39.6,82.6,0.8,61.2
278,9,22,518,50,9.68,89.5,30.1,145,19,2,1,78.1,57.1,97.9,2.2,78.8
279,9,23,85902,9114,10.61,57.7,18.3,14492,2832,160,151,40.3,72.7,95.9,1.6,98.2
280,9,24,23532,651,2.43,64.5,38.2,6311,1401,124,40,83.5,44.9,85.7,3.2,81
281,9,25,3612,216,5.99,73.6,28.2,446,286,19,7,30.5,88.2,61,1.4,83
282,9,26,177226,18075,10.2,86.9,45.5,49014,17225,1653,567,39.6,51.5,77.6,4.7,72.5
283,9,27,11682,2079,17.8,89.9,51.2,2725,1434,147,57,79.4,70.5,99.4,4.1,67.7
284,9,28,108172,15610,14.43,84.7,46.9,28552,4965,683,274,74.5,49,94.6,4.6,86.2
285,9,29,39145,2921,7.46,65.1,44.8,9357,1686,81,20,41.6,42.1,87.2,0.8,90.9
286,9,30,6413,1734.5,7.12,63.4,26,3114,823,64,13,57.3,80.5,83.1,0.7,99
287,9,31,139,2,2.11,55,37.1,51,19,1,0,71.9,93.8,75.5,2.2,59.5
288,9,32,1553,267,17.21,45.2,28.7,4897.5,128,8,3,70.9,78,96.1,1.7,78.3
289,10,1,59909,8457,14.12,49.8,19.4,11839,1758,196,64,44.4,78,71.5,4.3,99.9
290,10,2,1130,183,16.2,72,40.6,461,97,12,1,96.7,45.8,96.5,3.6,96.6
291,10,3,35770,2444,6.83,53.8,37.5,8607,2848,200,18,90.3,78.3,94.9,1.9,74.7
292,10,4,136024,21581,15.87,87.5,40.1,31746,6666,312,178,76,78.6,80.6,4.5,78.8
293,10,5,30671,5115,16.68,55,19.8,4897.5,1545,77,15,74.8,79.5,61.2,4.5,88.9
294,10,6,1524,236,15.51,96.3,66.1,405,55,12,2,60.7,39,88.1,1,97.1
295,10,7,46510,4697,10.1,88.1,41.1,5793,2702,317,173,74.2,76.8,60.8,4.8,58.9
296,10,8,22199,849,3.83,57.4,23.2,2336,1884,151,50,60.4,87.5,72.2,1.3,92.7
297,10,9,7802,1097,14.07,51.6,16.7,1476,246,44,18,40.1,63,82.9,2.5,97
298,10,10,44487,6879,15.46,48.6,33.1,9573,2626,169,115,36.5,91.8,97.4,3.1,85.9
299,10,11,40744,1358,3.34,61.4,38.7,10394,4796,138,181,83.4,70.8,81.7,4.3,59.6
300,10,12,25444,4371,17.18,62.9,42,5488,2708,268,22,58.6,38.7,70.9,4.7,86.4
301,10,13,72661,7457,10.26,79.2,51,22502,7439,257,60,83.3,95.8,62.8,2.1,67.1
302,10,14,65150,3866,5.93,50.2,30.6,35602,2981,801,246,57.9,56.1,87.8,0.8,57.9
303,10,15,3018,410,13.61,54,24.5,783,72,14,5,76.2,73.9,80.1,2.8,93.6
304,10,16,3313,216,6.53,58,32.2,578,108,6,9,87.4,89.2,80.4,1.4,77.2
305,10,17,888,111,12.54,98.5,37.7,288,62,7,1,60.1,55.8,77.7,4.6,79.7
306,10,18,1843,57,3.09,71.2,40.6,325,189,15,6,54.1,67.3,85.1,2.4,65.2
307,10,19,30101,3707,12.32,54,21.3,10933,1313,111,75,67.6,54.1,67.6,3.8,92.8
308,10,20,35118,2981,8.49,50.2,29.9,8884,1196,109,27,32.3,87.7,84.1,0.6,63.2
309,10,21,39111,1840,4.71,52,22.8,18863,3110,344,65,36,59,78.6,3.8,63
310,10,22,475,52,11.09,84.5,51,184,57,3,0,67.4,40.1,86.2,1.5,75.2
311,10,23,66490,10861,16.33,46.2,18.7,8190,5416,397,109,41.3,84.8,88.6,1.1,76.3
312,10,24,41037,1285,3.13,80,44.4,7213,2291,309,110,53.9,60.4,61.5,1.9,66.2
313,10,25,4870,747,15.34,62,26.6,926,221,31,2,79.8,72.7,83.7,4.3,92
314,10,26,131621,19894,15.11,69.4,27.1,68126,13115,1286,664,77.4,53.7,68,4.6,72
315,10,27,16549,1698,10.26,70.3,39.8,3026,583,53,44,93.7,43.9,64.8,1.7,72
316,10,28,105136,14300,13.6,67.6,34.2,28897,6198,418,178,89.3,46.7,77.6,2.5,59.8
317,10,29,35887,3580,9.98,56.6,28.3,3169,1169,72,21,62.7,84.1,70.9,3.8,67.8
318,10,30,13477,2040,15.14,47.7,29,3499,1121,43,35,46.2,71.5,66.5,3.8,66.7
319,10,31,158,15,9.55,54.7,16.8,57,22,1,0,48.2,74.1,90.9,4.4,70.2
320,10,32,1045,51,4.93,71.1,47.5,286,93,9,3,88.6,40.9,98.1,1.1,70.4
321,11,1,31644,2181,6.89,52,16,11365,1969,127,117,37.3,88.8,97.2,2.8,57.4
322,11,2,1499,252,16.85,45.7,21.5,160,36,12,3,31.7,42.7,68.6,2.5,65.8
323,11,3,23921,1779,7.44,92.2,47.8,5108,1776,201,18,59.5,39.8,77.8,3.7,99.9
324,11,4,139627,11405,8.17,45.1,28.5,16878,7777,470,219,46.7,88.3,96.7,4.9,81.3
325,11,5,14156,812,5.74,66.2,39.2,3239,1432,114,84,74,53.3,70.6,4.8,84
326,11,6,1425,55,3.92,58.7,19.5,203,36,12,0,56.2,60.9,82.8,0.8,72.1
327,11,7,58983,3884,6.59,96.7,50.8,9600,3271,563,172,46.7,80.8,80.1,1.4,59.9
328,11,8,21827,3505,16.06,49.7,18.7,4547,1285,221,26,48.7,88.1,88.8,1.6,58.2
329,11,9,4657,300,6.46,70.9,49,1426,571,21,11,41.4,68.2,80.1,0.7,93.4
330,11,10,31165,4571,14.67,60,19.5,4128,1246,272,29,61.1,60.8,97.3,2.2,59.6
331,11,11,69613,3442,4.94,58.8,33.2,7150,2099,460,96,33.4,93.8,96.5,3.6,80.9
332,11,12,15940,1156,7.25,55.6,18.8,8285,3163,133,46,69.6,44.6,89.3,3.1,98.7
333,11,13,81217,8024,9.88,46,26.7,16472,1979,307,131,78.1,81.4,95.2,0.6,80.6
334,11,14,130110,20170,15.5,81.5,56,33831,5263,789,129,70.7,48.5,80.3,3.1,99.3
335,11,15,1611,147,9.15,89.9,58.4,375,67,6,8,55.4,83.3,62.9,1.2,65.4
336,11,16,3612,88,2.44,80.4,36.7,799,282,24,5,51.8,49.4,82.6,1.5,97.8
337,11,17,1311,78,5.98,48.7,31.3,146,80,3,2,71.1,88.9,87.3,0.7,71.1
338,11,18,1722,43,2.5,69.5,41.2,176,85,13,1,44.2,58.3,69.9,1.3,71.1
339,11,19,50063,6102,12.19,63.3,29.6,5616,3102,326,138,36.8,87.5,95.2,3.2,74.8
340,11,20,14199,692,4.87,92.9,45,6225,1174,148,87,52.8,47.5,63.5,4.1,73.3
341,11,21,36431,1019,2.8,59.6,36.6,11016,2903,350,179,65.7,71.3,89.7,3.2,60
342,11,22,750,53,7.11,49,15.1,90,55,2,1,37.2,36,73.9,1.5,91.9
343,11,23,75021,7705,10.27,48,31.8,17039,4175,254,61,77.7,50,61.2,4.8,73.2
344,11,24,45830,6133,13.38,91.8,32.8,8521,2277,107,20,56.5,85.9,99.4,4.2,80.6
345,11,25,4910,683,13.91,53.5,36.9,1171,342,25,10,97.8,40.2,99.6,3.1,84.4
346,11,26,132468,12045,9.09,89.1,37.2,35825,13223,815,463,96.3,65.1,94,4.2,78.4
347,11,27,18173,1161,6.39,69.6,37.7,2662,1591,129,53,38.3,63.8,72,1.2,97.5
348,11,28,66628,5676,8.52,90.8,62.2,12813,4588,276,287,79.7,35,76,0.8,85.2
349,11,29,14130,676,4.79,49.8,23.4,7848,1480,98,28,40.1,48.5,64.2,4.7,60.8
350,11,30,16285,1854,11.39,75.5,31.3,4897.5,1120,32,29,48.1,93.9,97.5,1,67.4
351,11,31,302,27,9.11,88.2,43.4,57,13,1,0,59.5,58.1,87.4,3.4,62.3
352,11,32,970,115,11.91,78.3,51.3,253,44,8,4,51.3,80.9,84.9,3.9,60.3
353,12,1,50645,6023,11.89,91.1,34,15080,4147,194,150,89.7,95.3,64.2,2.2,86.6
354,12,2,667,63,9.57,60.6,29.9,431,48,4,2,30.1,36.3,93.4,4.3,92.7
355,12,3,22170,3311,14.93,97.1,43.1,6205,1458,187,78,88.9,65,61.6,3.1,95.7
356,12,4,85099,2648,3.11,52.1,23.7,26272,7959,312,214,76.8,41.7,66.5,0.7,59
357,12,5,22734,3724,16.38,97.1,41.9,6358,1020,212,46,81.9,40.1,61.9,4.6,65.7
358,12,6,1755,212,12.1,97.5,58.9,289,46,7,1,58.2,44.9,68.2,0.8,96.2
359,12,7,58574,2135,3.65,90.6,62.1,7078,5851,505,59,56.7,38.3,95,3.7,89.5
360,12,8,25834,4649,18,73.2,34.1,6889,1339,69,55,45.8,88.6,90.7,2,88.4
361,12,9,4497,540,12.02,51.6,31.6,1746,333,38,8,84.6,94.5,62.4,2.2,96.9
362,12,10,38447,4411,11.47,80.7,42.3,4583,2445,113,28,46.8,72.7,73.9,1.1,78.2
363,12,11,35283,3761,10.66,47.8,16.2,16328,2125,302,154,83.1,43.3,75.2,1.9,93.6
364,12,12,23532,691,4.47,62.1,19.2,3501,1957,213,46,48.1,83.9,94.5,2.4,59.8
365,12,13,53390,4436,8.31,52.9,30.6,24574,4672,489,160,47,75.6,70.3,4.2,66.6
366,12,14,96029,7708,8.03,45.8,21.7,35644,10435,552,80,44.2,59.3,80.1,4.1,88.1
367,12,15,1628,1734.5,15.6,92.7,38,874,235,8,5,84.7,44.9,76.6,4.3,58.9
368,12,16,3952,696,17.62,64.6,28.8,969,262,14,3,41.4,61.5,61.5,2.7,63.9
369,12,17,856,48,5.7,52.7,31.9,257,81,6,3,89.4,73,74.7,2.7,97.5
370,12,18,2638,334,12.68,54.1,33.5,273,72,16,1,60.8,83.9,84.8,4.6,75.5
371,12,19,18616,390,2.1,96,60.4,7117,998,212,34,46.4,75.4,93.6,2.6,72.5
372,12,20,32913,951,2.89,55.2,38.6,7009,1279,176,77,80.5,50.9,75.7,1.3,57.2
373,12,21,95562,12589,13.17,77.5,33.2,17428,4760,623,149,72.7,68.4,75.2,0.6,82.5
374,12,22,679,69,10.18,82.2,28.9,98,58,5,0,45.6,80.6,68.5,4.4,63.8
375,12,23,87652,13334,15.21,58.5,30.6,14179,5360,324,118,70,64.1,91.5,1.7,71.8
376,12,24,44615,2442,5.47,65.7,25.6,4848,2537,237,115,56.6,65.5,82.1,1.7,86.5
377,12,25,4796,222,4.63,96.5,39.5,883,217,18,2,53.6,42.5,80.1,1.6,93.6
378,12,26,130030,10036,7.72,45,27.8,63252,12645,1278,209,55.3,37.2,80.1,4.3,93.7
379,12,27,11444,1173,10.25,61.8,23.5,2684,1594,74,47,74,40.9,67.7,4.5,68
380,12,28,55805,5086,9.11,96.9,49.9,10638,3302,204,164,54.8,68.3,80.1,1.2,97.1
381,12,29,28332,3730,13.17,69.5,31.5,2686,1387,257,29,71,48.6,97.2,0.9,74.3
382,12,30,5622,249,4.44,92.6,32.2,3501,437,39,37,61.4,54.5,97.3,4.1,81.1
383,12,31,185,31,16.82,68.2,23.6,84,19,2,0,78.4,39.1,71.2,2.4,60.6
384,12,32,1699,183,10.82,58.8,31.4,124,112,6,1,85.9,71.3,64,2.4,91.6
385,13,1,32883,4022,12.23,48.9,16.4,10486,3045,113,158,60.9,48,98.4,4.7,94
386,13,2,713,39,5.49,60.9,38.6,447,39,10,1,42.4,43.8,88.6,1.7,66.1
387,13,3,28274,1734.5,10.72,49.1,19.2,6047,2695,87,100,69.7,64.4,89.4,1.3,56.3
388,13,4,135040,1734.5,10.52,98.2,54,29534,10333,773,183,48.1,63.7,80.1,2.6,74.8
389,13,5,34227,4302,12.57,61.7,39.9,7684,1124,184,57,55.4,62.1,84.2,4.6,84.5
390,13,6,1856,218,11.78,87,52.6,438,66,6,2,62.5,78.5,67.7,1.4,62.5
391,13,7,65180,3238,4.97,78.6,50.9,14610,3696,186,151,60.6,65.3,80.2,3.5,97.8
392,13,8,18357,1818,9.91,56.2,36.1,2406,1073,223,30,97,59.2,75.7,3.3,96.2
393,13,9,7198,627,8.71,76.6,27.8,1259,579,45,10,96.3,46.6,98.3,2.8,78.4
394,13,10,40074,3787,9.45,88.6,55.2,8809,1398,294,44,58.2,86.8,80.1,1.7,76.1
395,13,11,28303,4130,14.59,56.4,22.2,18196,2134,344,103,59.6,47.1,85.2,3.5,69.1
396,13,12,37694,4908,13.02,53.2,33.3,3286,2171,106,44,87.6,43.4,69.2,2,78.5
397,13,13,53913,7197,13.35,65.5,32.6,8979,5392,569,61,74.1,77.6,77.4,1.3,69
398,13,14,94607,14297,15.11,51.1,19.4,27690,2568,662,144,92.1,42.3,70,4.6,79.6
399,13,15,3197,131,4.12,90.5,44.1,655,91,23,3,89,57,65.9,1.5,80.3
400,13,16,4025,639,15.89,85.1,58.5,525,215,16,4,92.3,35.7,64.4,2.2,60.9
401,13,17,931,86,9.3,56.5,33.6,251,105,8,3,86.8,66.6,62.9,1.2,89.1
402,13,18,1882,59,3.17,87.3,36.7,181,82,15,5,43.8,89.1,96.1,1.3,83.3
403,13,19,48698,5547,11.39,63.7,40.3,11418,1770,96,77,62,94.7,86.8,2.1,63.1
404,13,20,23532,2801,8.36,47.4,23.5,8478,2588,82,87,89.1,36.1,68,4,90.6
405,13,21,56770,2507,4.42,50,22.8,12541,6405,600,166,46,86.5,77.8,3,95.7
406,13,22,807,60,7.46,94,61.4,204,45,2,1,57.5,80.6,88.3,3.2,77.2
407,13,23,74621,12416,16.64,51,18.6,16744,5141,504,83,41.3,43.3,88.3,4.6,65.3
408,13,24,42991,7653,17.8,48.6,22.8,6296,2341,263,40,82.6,39.2,99.5,2.6,98.2
409,13,25,4003,209,5.24,94.3,49.3,1135,277,26,6,67.1,83.3,83.6,2.9,84.5
410,13,26,205343,26674,12.99,49.2,25.2,40484,14142,1709,220,44.6,80.6,96.1,0.8,64.8
411,13,27,16782,766,4.57,53.9,25.3,4906,923,62,15,66.3,70.3,99.6,1.4,76.7
412,13,28,63661,6285,9.87,95.9,33.4,9801,2646,389,191,87.5,52.7,90.6,3.1,80.4
413,13,29,22284,3642,16.35,93.1,32.3,4886,1284,247,31,83.1,40.9,70.3,2.1,70
414,13,30,14370,1106,7.7,87.2,48.1,1377,1099,104,31,60,61.5,61.9,2.9,92.7
415,13,31,228,11,5.22,58.2,30.1,40,25,1,0,90.4,58.5,98.3,3.5,65.3
416,13,32,1601,228,14.28,63.2,25.6,234,67,8,2,39.5,94.8,86.7,2,74.4
417,14,1,36894,1017,2.76,78.4,23.6,5742,1633,129,88,52.7,46.4,98.2,0.9,61.4
418,14,2,758,66,8.78,71.1,39.1,365,112,12,1,58.4,88,66.1,4.1,72.3
419,14,3,24862,2077,8.36,68.4,21.6,3077,2733,174,93,54.1,59.7,99.2,1.5,99.7
420,14,4,50180,5772,11.5,58.2,27,4897.5,10115,389,305,53.3,54.2,96,2.1,65.9
421,14,5,23833,1745,7.32,77.1,29.8,3797,2601,193,56,84.7,45.7,88.4,3,97.3
422,14,6,1194,134,11.29,68.2,28.6,406,113,11,3,52.5,83.3,99.7,3.6,64.7
423,14,7,59938,7115,11.87,60.5,24.8,18104,5325,304,60,58.3,48.3,63.9,1.1,63.5
424,14,8,29776,3465,11.64,64.1,22,2344,2195,212,23,34.7,79.9,88.5,3.8,79.8
425,14,9,8533,517,6.07,83.2,40,1839,184,56,10,31,96.5,82.1,4.9,67.3
426,14,10,28451,651,2.29,71.1,40,8052,3108,213,28,50.1,76.7,70.3,3.3,74.8
427,14,11,47706,6432,13.48,86.9,31.7,17783,5512,230,153,54.3,90.9,92.3,4.3,60.2
428,14,12,39209,2315,5.91,91.8,44.7,9460,2749,81,68,72,56.4,97.1,0.8,94.4
429,14,13,65226,3610,5.54,83.7,42.9,9653,3728,332,149,52.6,56.1,61.2,4.5,57.8
430,14,14,93124,12629,13.56,62.2,39.1,32611,6196,678,329,93.7,87.8,62.7,1.8,63.1
431,14,15,3618,270,7.47,70.2,25.4,465,165,11,8,40.1,92.1,96.4,2,92
432,14,16,3848,640,16.65,72.5,34.2,617,147,17,8,76.8,91.2,68,2.9,55
433,14,17,724,22,3.04,51.2,32,219,72,5,2,53.4,35.8,86.6,2.7,62.7
434,14,18,1438,203,14.13,71.6,41.1,430,85,8,4,75.4,72.3,83.7,4.5,90.5
435,14,19,20891,1982,9.49,70.8,30.7,4385,4012,350,41,30.7,87.8,88.6,4,81
436,14,20,25453,1734.5,2.09,84.1,49.1,8010,2099,143,20,64.5,75.1,60.5,4.2,85
437,14,21,86494,14812,17.13,88.9,40.5,7555,2096,467,184,82.5,95.2,89.1,5,74.1
438,14,22,402,41,10.23,48.2,25.3,120,30,2,1,83,63.7,71.2,4.5,81.6
439,14,23,75749,1986,2.62,81.3,36.3,18883,4854,400,64,75.9,35.8,77.2,3.3,65.4
440,14,24,16469,1015,6.16,65.2,33,6723,2675,212,42,32.1,60.1,72.4,2.1,77.4
441,14,25,4133,119,2.89,95.4,61.6,997,122,31,5,82.4,44.3,90.1,2.5,89
442,14,26,93645,5099,5.45,82.2,39.9,22598,20512,697,225,73.9,47,77.7,4.6,72
443,14,27,22002,3766,17.12,70.3,41.3,3590,985,53,24,64.4,45.8,66.7,2.2,65.7
444,14,28,62326,2679,4.3,60.5,38.7,22617,3590,346,142,50.5,50.4,99.9,2,68.1
445,14,29,19820,941,4.75,57.7,30.1,7956,2797,133,40,64.9,39.9,72,4.7,92.4
446,14,30,9076,979,10.79,81.4,36,1204,853,92,36,38.3,51.5,66.6,1,55.1
447,14,31,283,43,15.36,63.2,41.8,86,17,0,0,72,67.3,80.1,3.2,85
448,14,32,953,112,11.83,97.1,35.6,120,34,4,4,74.3,47.4,94.4,0.6,64.8
449,15,1,30196,1869,6.19,89.3,45.2,11244,3637,362,79,40,76.8,88.3,4.2,58.8
450,15,2,1615,166,10.31,57.2,21.5,279,55,9,2,55.4,35.5,77.8,3.9,94
451,15,3,27828,2076,7.46,74.8,33.2,5759,787,213,70,78.6,61.3,61.5,2.4,68.9
452,15,4,65869,8815,13.38,93,58.5,35440,6879,426,331,31.6,50.4,95.4,3.4,93.5
453,15,5,29173,4450,15.25,63.2,39,2538,1112,221,69,42.5,74.9,76.1,4.6,80.1
454,15,6,643,97,15.09,92.8,48.6,454,65,10,4,79.4,38,78.2,3.3,98.4
455,15,7,23532,12205,16.23,89.5,41.5,17034,5425,453,95,59.3,44.5,66.1,1.8,95
456,15,8,14675,834,5.69,97.2,52.6,6828,759,162,42,39.6,59.8,83,3.7,58.5
457,15,9,4864,795,16.36,97.1,58.7,1525,271,53,20,96.6,77,93.5,4.9,84.3
458,15,10,34235,4237,12.38,74.6,28.9,6988,2662,244,63,94.3,37.1,89.6,5,95.2
459,15,11,31108,4838,15.55,93.6,35,4897.5,3374,386,197,85.9,60.7,66.4,0.8,74.3
460,15,12,23765,3892,16.38,73.8,23.3,6246,1894,196,19,55.8,57.5,69.6,2.3,92.4
461,15,13,63588,11141,17.52,85.9,35.9,13507,1969,177,116,69.1,38.7,72.4,2.6,85.7
462,15,14,76787,9948,12.96,95.3,31.8,35944,6858,949,350,47.1,88.6,83.9,4.9,93.5
463,15,15,2463,56,2.3,71.2,27.8,304,164,22,6,70.6,53,78.4,1.9,69.9
464,15,16,2957,292,9.9,82.5,37.6,743,292,17,9,42.2,50.4,90,4.9,94.6
465,15,17,1241,203,16.36,72.6,44.2,267,57,2,2,88.5,67.3,64.6,2.2,71.6
466,15,18,1948,281,14.45,70.9,32.8,605,127,8,5,47.6,89,86.2,0.8,89.8
467,15,19,33855,1331,3.93,70,36.2,12010,3499,188,105,65.4,94,99.5,1.9,58.3
468,15,20,23532,953,6.93,73.9,42.8,8233,1052,207,22,33.9,83.1,72.7,3.2,96.7
469,15,21,54296,4990,9.19,71.1,28,18993,6113,604,90,62.8,84.8,99.4,2.9,76.7
470,15,22,772,115,14.95,74.8,26.9,196,30,2,1,40.9,95.5,91.7,1.6,89.8
471,15,23,92029,2561,2.78,51.5,20.3,22996,3710,491,132,61.7,87.4,69.5,1,86.4
472,15,24,39021,4394,11.26,80.5,32.4,7617,3270,116,31,67.8,76.9,91,4,93
473,15,25,4263,203,4.77,92.2,45.9,825,123,22,10,45.8,90,65.3,2.5,75.6
474,15,26,234199,29898,12.77,68.9,43.6,62733,15913,1774,529,83.8,62.5,90.7,2.6,59.6
475,15,27,10719,1652,15.41,59.9,22.3,3517,1290,121,55,32.7,68.4,69.2,1.9,57.4
476,15,28,92790,16139,17.39,71.1,17.3,24337,8595,442,156,92.1,56.6,97.8,2,57.9
477,15,29,32022,5167,16.14,52,22.8,3211,870,111,24,96.9,41.3,80.1,2.6,99.1
478,15,30,7251,489,6.75,55.2,20.1,2480,937,46,28,92.2,70.7,81.2,1.2,67.2
479,15,31,224,29,13.04,65,33.3,72,9,1,0,78.8,78.4,80.1,3,78.9
480,15,32,825,104,12.68,68.4,40.8,246,114,8,1,86.2,62.1,62.5,3.3,66.7
481,16,1,55922,6883,12.31,82.9,55.1,7410,1669,352,145,83.2,35.4,71.5,4.7,97.6
482,16,2,1305,137,10.54,71.9,26.9,182,122,3,3,87,85.4,98.3,1.2,98
483,16,3,20509,707,3.45,74.9,36.7,10168,2737,103,62,94.4,86.3,91.9,3,89.5
484,16,4,113146,20200,17.85,71.1,27,4897.5,8017,944,185,79.9,83.7,82,1.7,97.4
485,16,5,23179,1808,7.8,63.7,41.9,8017,1517,110,87,41.6,47.8,84.1,1.4,95
486,16,6,952,57,6.03,76.5,37.1,341,65,9,0,64.9,76.6,81.2,2.2,68.1
487,16,7,49251,5828,11.83,49.5,33.4,6871,2638,371,181,95.6,79.2,87.5,1,98.7
488,16,8,26280,2696,10.26,85.8,31.3,3002,2140,207,15,31.3,38.9,80.1,4.3,90.9
489,16,9,4962,1734.5,5.65,84.9,36.5,584,226,50,12,92.8,47.2,70,3.2,86.5
490,16,10,33356,1757,5.27,49.6,23.2,8337,1172,179,98,67.3,43.1,98.6,1.1,75.7
491,16,11,77666,2738,3.53,66.6,37,5689,4626,275,49,69.5,49.3,67.5,4.4,73
492,16,12,36881,5821,15.78,57.1,38.7,7803,1771,278,22,54.9,35.5,95.9,4.9,89.7
493,16,13,61127,9525,15.58,79.8,50.3,4897.5,3186,619,58,80.7,75.7,66.2,1.8,71
494,16,14,138880,10077,7.26,66.5,24.9,23653,8562,451,327,62.9,47.9,71,1.2,84.4
495,16,15,3627,628,17.34,63.6,36,855,168,9,8,55.5,51.8,66.3,4.7,87.1
496,16,16,2042,288,14.14,88,61,439,161,7,4,46.4,52.9,75.8,3.5,82.6
497,16,17,900,74,8.23,58.5,20.2,260,96,6,3,72.1,55.2,98,0.9,92.4
498,16,18,1985,272,13.74,56.9,36,253,183,13,6,68.8,45.1,69.4,2.8,80.6
499,16,19,48732,7854,16.12,84.1,32.7,3900,2365,111,94,89.9,67.9,75.5,3.5,87.5
500,16,20,32614,1887,5.79,68.9,31.3,4832,1082,198,22,68.7,56.1,61.5,1.7,63.1
501,16,21,33975,5556,16.36,45.8,14.1,13732,4203,622,164,42.5,75.7,74.6,2.4,73.7
502,16,22,777,106,13.77,56,23,85,47,3,1,49.7,90.6,66.5,0.6,56.5
503,16,23,85598,15271,17.84,66.6,25.2,4897.5,4449,296,144,76.7,77.5,78.3,1.7,65.4
504,16,24,30746,5013,16.31,57.5,38.5,10824,2230,242,55,40.6,70.6,76.1,4,71.3
505,16,25,3459,339,9.82,49.3,28.4,993,96,17,4,52.9,51.1,72.2,1.8,76.1
506,16,26,269408,37894,14.07,57.9,25.6,68757,19218,741,376,64.8,74.5,80,1.1,97.9
507,16,27,12632,932,7.39,71.1,22.7,3791,1136,98,28,90.1,61.7,74.2,4.2,88.4
508,16,28,65754,7016,10.67,66.7,35,9768,7799,416,66,31.8,81,84,3.8,87.3
509,16,29,15515,1571,10.13,94.2,59.1,4897.5,1986,158,83,94.4,72.8,74.9,2,67.6
510,16,30,8295,752,9.07,47.2,23.2,1527,526,96,23,68.3,82,75,1,65.7
511,16,31,210,17,8.5,52.8,34.2,80,8,1,0,43.2,94.7,67.3,2.2,90.9
512,16,32,683,84,12.36,81.5,51.4,242,90,8,3,73.3,83.6,63.8,0.9,67.9
513,17,1,57213,2590,4.53,45.4,21,6408,1276,302,69,56.6,48.4,88.8,3,70.3
514,17,2,1708,93,5.47,69.3,36,470,75,9,2,31.1,60.9,73.5,4.7,79.4
515,17,3,18416,2020,10.97,73.4,39.9,10199,2324,187,78,70.8,44.2,100,5,91.1
516,17,4,57394,5268,9.18,88.8,46.8,13603,2764,511,136,32.2,72.2,87.8,3.9,75.4
517,17,5,35100,5754,16.39,81.9,29.1,7371,953,89,72,77,52.8,73.2,2.1,93.2
518,17,6,680,85,12.55,61.1,20.1,201,83,3,1,97.8,70.2,64.7,3.7,91.4
519,17,7,55631,6942,12.48,70.5,28.2,4897.5,1695,521,185,30.3,74.4,94.6,2.9,89.2
520,17,8,24684,687,2.78,57.5,35.2,4397,2247,88,47,37.7,43.5,85.9,3,82
521,17,9,6304,956,15.18,83.5,31.6,1569,199,41,8,37.1,66.6,86.1,4.6,57.3
522,17,10,35529,4620,13.01,75.8,38.5,3171,2905,206,61,75.3,78.8,66.6,4.4,68.6
523,17,11,56503,10120,17.91,47.4,19.6,15396,4542,164,168,63.2,54.4,72.9,4,78.5
524,17,12,36244,4576,12.63,50.9,15.3,5731,3124,110,30,49.1,80.1,86.7,4,57.8
525,17,13,93901,8156,8.69,68.8,43.4,24718,2069,298,50,38.8,57.3,80.1,1.5,88.2
526,17,14,133637,9737,7.29,70.2,25.1,16468,5373,374,277,96.5,90.3,66.3,5,56.1
527,17,15,1422,213,15.02,86.3,59,302,256,22,8,90,39,82.2,1.1,76.4
528,17,16,1733,137,7.95,92.9,39,439,187,14,9,73.1,73.5,69.8,1.4,55.9
529,17,17,1268,31,2.45,84.4,42.9,133,46,3,2,72.3,41,71.2,1.5,93.5
530,17,18,2512,138,5.53,85.9,28.1,322,92,14,2,89.6,88,94.3,4.5,77.1
531,17,19,26947,4668,17.33,52.3,29.6,6263,3151,347,68,84.2,65.7,91.5,2.9,70.7
532,17,20,23106,1598,6.92,79.7,55.1,5147,1836,99,57,55.3,94,90.2,3.2,78
533,17,21,67793,2317,3.42,46.5,25.1,17449,2901,544,59,79.7,68.7,73.1,4.5,88.9
534,17,22,806,53,6.63,78.6,47.2,136,57,2,1,71,75.4,80.1,4,87.7
535,17,23,66869,1735,2.6,63.1,23.3,7069,6045,299,228,77.7,40.1,67.6,4.1,77.6
536,17,24,17172,1439,8.38,79.4,38.5,9161,1308,175,41,63.9,49.2,90.7,0.5,99.4
537,17,25,2011,278,13.84,77.7,48.8,1151,254,14,5,56.8,60.3,93,4.6,81.1
538,17,26,146155,15429,10.56,83.4,56.4,37409,18997,1339,620,88,52.6,82.5,1.1,84.4
539,17,27,11399,655,5.75,59.9,41.6,3859,884,99,46,64.1,58.3,73.8,2.5,61.7
540,17,28,60720,5922,9.75,56.8,34.6,10136,7360,643,274,60.2,50.4,86.9,4.5,55.2
541,17,29,23532,531,2.26,51.7,28.9,7582,2336,241,18,77.7,50.8,90.6,4.1,66
542,17,30,13782,375,2.72,96.2,59.7,2630,920,89,24,33.3,80.9,98.8,0.5,72.4
543,17,31,192,16,8.84,76.5,47.2,51,15,1,0,75.4,63.7,98.9,4.9,61.8
544,17,32,1625,271,16.73,91.7,59.3,426,51,6,3,43.8,52.2,68.7,2.8,86.7
545,18,1,63566,2554,4.02,45.1,20.3,4500,1863,198,78,37.4,47.1,91.5,4.6,82.5
546,18,2,796,74,9.4,77.4,54,437,139,10,2,34.8,68.1,84.4,4,68.6
547,18,3,37397,5672,15.17,88.2,30.7,8797,3053,280,41,61.8,44.4,70.9,4.1,85.8
548,18,4,64227,10959,17.06,80.3,42.7,14920,4346,253,260,96.3,56.5,78.2,1.1,58.4
549,18,5,19712,481,2.44,48.4,30.3,4897.5,2131,170,26,89.3,63.7,77.4,1,69.4
550,18,6,1629,262,16.1,67.1,42.8,413,50,5,3,30.9,68.7,72.1,1.5,76.4
551,18,7,76121,1734.5,10.22,96.6,64.8,8848,3628,313,53,42.7,68.2,87,3,73.8
552,18,8,30337,4717,15.55,81.3,31.2,4487,2011,83,16,78.1,90.9,65.8,0.9,79.4
553,18,9,8376,1311,15.66,47.2,16.1,1560,341,20,10,39.3,41.8,91.6,2,60.6
554,18,10,33353,4618,13.85,57.7,30.2,3093,1828,276,98,73.9,93.6,79.8,2.2,70
555,18,11,58554,1317,2.25,72.4,30.2,9290,3928,180,94,70.4,76.8,73.7,2.3,93.8
556,18,12,31877,4937,15.49,67.7,28.9,8693,2583,275,52,79.8,81,69.8,1.7,55.8
557,18,13,47861,8538,17.84,86.3,26.7,18381,2586,421,116,95.6,68.3,86.1,3.8,96.8
558,18,14,110251,10641,9.65,98,38,36502,10209,443,122,83.3,53.9,76.8,0.9,99.8
559,18,15,3064,349,11.39,72.4,35.2,587,124,18,8,45.3,50.9,73,4.7,85.1
560,18,16,2642,229,8.69,51.9,30.9,832,134,25,6,86.6,91,89.8,4.6,74.1
561,18,17,1286,187,14.55,88.1,29.7,255,27,4,1,55.6,72.8,72.8,2.4,69.6
562,18,18,1072,170,15.95,76,23.6,556,152,9,3,67.9,38,68.7,0.8,77.5
563,18,19,22739,846,3.72,72.8,31.1,4385,2860,307,115,43.1,40.1,80.1,3.9,74
564,18,20,22661,3100,13.68,75.7,28.3,8190,1256,99,77,82.5,53.5,87.3,3.2,57.1
565,18,21,59092,5261,8.9,73.8,41.5,9400,4412,213,157,64.2,52.2,78.9,3.9,70.1
566,18,22,463,56,12.29,57.9,30.8,62,49,5,0,64,40.4,64.8,2.5,62.3
567,18,23,82921,14859,17.92,84,49.7,20646,3292,598,58,70.4,63.5,80.1,4.3,61.9
568,18,24,16905,1950,11.54,94.2,57,10114,2403,219,94,89.9,41.6,67.6,3.5,99.6
569,18,25,4464,666,14.93,61.9,30.9,757,261,18,8,90.5,61,62.1,1.7,86.5
570,18,26,258201,18489,7.16,45.3,30.7,66948,19904,1809,583,85.7,50.9,98.4,3.6,62
571,18,27,21209,854,4.03,71.1,29.3,4795,1798,94,24,72.5,79.2,90.2,1.5,63.2
572,18,28,101638,9024,8.88,83.3,47.9,22195,5396,299,297,69.1,75.5,93.6,0.9,63.1
573,18,29,25865,1603,6.2,59.4,22,6978,2021,237,59,77.6,61.1,75,4.4,99.7
574,18,30,5815,727,12.5,58.7,23.2,3014,367,107,40,52.3,76.6,63.7,0.6,64.2
575,18,31,136,2,2,50.4,15.3,40,21,1,0,45.8,68.6,88.3,1.2,81.5
576,18,32,660,34,5.22,54.5,23,365,83,10,4,70,75.7,60.6,4,67.5
577,19,1,52558,6854,13.04,50.8,30.8,12113,2950,385,59,65.3,47.6,88,4.8,56
578,19,2,991,126,12.75,84.9,55.7,412,120,11,2,63.4,45.2,65.8,4.8,62.4
579,19,3,19985,962,4.82,80.3,24.5,8433,2872,161,61,35.8,39.8,91.4,3.6,87.9
580,19,4,125550,9950,7.93,84.3,39.1,10814,4274,528,69,64.9,67.9,73.5,3.3,70.9
581,19,5,33749,5768,17.09,72.1,24.1,4102,1861,113,74,59.3,54.9,84.5,3.9,65.8
582,19,6,1655,102,6.22,74.6,35.6,301,47,8,1,50.2,88.6,80.1,3.5,86.8
583,19,7,71573,1885,2.63,59.9,22,18962,4624,344,184,33.7,35.8,64.9,1.7,73.4
584,19,8,14633,1585,10.84,78.6,39.8,4897.5,2067,191,35,36.4,56.6,87.1,0.6,72
585,19,9,7404,792,10.7,91.4,32,1408,501,32,11,63.5,44.6,80.6,1.6,73.3
586,19,10,21943,1801,8.21,84.4,41.7,9951,2950,113,25,50.2,67.7,72.5,0.7,78.5
587,19,11,53583,1734.5,13.55,58.4,19,15617,4653,135,98,47.5,96.2,82.5,1.4,81.4
588,19,12,19118,1734.5,11.63,92.5,47.6,6972,809,204,23,68.9,69.7,70.6,4.8,62.7
589,19,13,54814,8583,15.66,96.5,64.9,21653,2445,186,124,80.9,96.8,93.4,4.5,73
590,19,14,76045,6955,9.15,69.2,37.5,10913,7334,363,95,61.9,70.2,87.9,2,96.7
591,19,15,1406,242,17.22,83.3,37.8,789,182,19,2,53.2,55.2,80.1,3.9,63.7
592,19,16,3383,396,11.71,81.2,37.5,405,174,13,5,74.7,43,98.8,1.8,95.5
593,19,17,932,112,12.12,74,44.5,150,98,4,1,76.7,48.6,94.3,5,64.5
594,19,18,1580,262,16.59,92.6,56.3,327,141,12,5,78.3,88.9,90.4,3.6,73.6
595,19,19,26369,1110,4.21,49.4,17.7,6653,3770,169,42,79.8,74.4,95.2,2.9,81.1
596,19,20,15759,2316,14.7,67,36.4,4897.5,1699,224,60,70.5,51.8,64.2,3.6,74.2
597,19,21,51536,7772,15.08,80.7,39.4,21500,5297,166,237,62.7,77.6,71.5,0.8,56.1
598,19,22,609,47,7.74,47,28.6,142,44,1,1,62.6,51.7,98.4,4.2,80.1
599,19,23,43526,1123,2.58,90.9,32.2,21265,2874,400,124,31.1,96.6,98,2.8,80.6
600,19,24,42753,7572,17.71,92.3,29.6,6820,3144,242,75,68.6,88.7,99,4.6,69.4
601,19,25,2955,476,16.12,81.2,24.5,955,278,16,7,32.8,50.5,82.8,0.9,63.4
602,19,26,240488,9945,4.14,55.6,29.6,22242,10951,1590,385,33,73,72,0.8,95.8
603,19,27,10732,906,8.44,65.2,29.4,3149,699,86,15,90.2,83.2,85.9,4.8,94.6
604,19,28,79301,11103,14,49.8,32.4,29587,6378,465,261,40,80.2,64.6,1.3,76.5
605,19,29,17613,2554,14.5,76.2,44,5933,2335,215,79,96.8,65.8,80.1,3.4,70.2
606,19,30,11600,309,2.67,85.4,29.7,2989,1046,76,11,61.8,66,80.4,2,98.4
607,19,31,195,6,3.21,88.3,38.2,30,6,0,0,88.7,51,82.2,1.3,80.4
608,19,32,1609,205,12.74,69.5,40.6,328,81,4,2,33.6,38.9,69.2,0.8,62.5
609,20,1,45701,1734.5,8.28,77.7,26.5,13178,1875,359,116,86.4,80,62.8,4.1,85.3
610,20,2,1495,152,10.17,80.1,45.4,424,60,11,2,84.5,57.4,64.1,0.9,94.3
611,20,3,30707,5383,17.53,97.3,55.7,8746,1046,87,72,61.1,65.8,94.7,0.6,92.9
612,20,4,139787,1734.5,3.05,62.8,41.9,20743,8348,535,114,96.2,69.6,91.8,1.6,67.9
613,20,5,25356,3923,15.47,60.7,23.8,7952,2502,215,76,43,82.5,73.6,2.6,93.5
614,20,6,1251,78,6.31,84.7,27.6,172,62,10,1,31,86.1,85.5,4.8,60.3
615,20,7,70289,6605,9.4,94.7,60.5,6272,3634,411,204,73.2,67.5,75.7,2.2,66.8
616,20,8,13288,429,3.23,93.1,41.4,4722,1213,186,77,53.5,47.4,85.5,4.1,84.1
617,20,9,6124,875,14.29,89.4,46,1426,349,19,6,46.7,73.8,75.4,2.5,65
618,20,10,22808,2783,12.2,97.3,30.8,6389,2246,257,75,68.6,45.1,67.4,1,99.2
619,20,11,32184,2254,7.01,67.1,26.6,13316,5003,522,54,77.6,49.8,97.1,3,72.1
620,20,12,15978,2859,17.9,87.1,48.6,4423,2268,78,43,95.3,93.3,77.3,4.2,65.2
621,20,13,77740,3584,4.61,53.1,34.2,19695,5340,658,134,35.5,36.7,69.9,1.5,64.9
622,20,14,108408,14090,13,88.3,29.9,33710,7174,776,264,66,45.9,97.1,1.7,88.3
623,20,15,2426,257,10.59,47.2,25.9,266,223,18,4,81.5,88.3,63.1,4.1,96.3
624,20,16,3321,280,8.44,71.1,30,358,284,12,3,48,53.9,91.7,1.8,98.4
625,20,17,1249,73,5.86,82.3,57.4,240,92,4,3,85.4,69.6,67.6,2,97.7
626,20,18,1840,251,13.65,46.4,27.1,415,58,6,3,45,64.4,91.5,1.7,89.3
627,20,19,20677,2785,13.47,50.7,32,10672,4098,340,116,94.2,52.9,81.3,1.8,65.9
628,20,20,32741,3352,10.24,95.4,48.3,6214,2340,96,56,70.9,39.1,93,0.9,93.9
629,20,21,50081,3076,6.14,66.5,36.2,8140,4619,414,186,84.3,67.7,82.8,2.6,72.8
630,20,22,620,34,5.62,84.4,44.5,124,21,5,1,80.6,76.5,80.1,3.6,87.2
631,20,23,72099,12161,16.87,83.4,47.6,12896,2778,346,64,46.8,90.3,88.1,2.9,62.3
632,20,24,18024,3126,17.35,70.7,45.2,8306,2022,159,40,64.4,44.9,87.4,5,85.4
633,20,25,2350,386,16.44,69.3,44.9,641,204,11,3,40.6,88.8,70.4,4,73
634,20,26,141987,15466,10.89,97.7,52,61828,12488,1080,523,54.7,92,95.4,2.8,73.9
635,20,27,8372,510,6.1,57.1,38.8,2980,734,158,44,35.5,65.5,91.8,1.6,89.7
636,20,28,60860,8641,14.2,88.3,29.4,8112,7814,537,262,87.4,93.6,78.7,4.6,74.4
637,20,29,20325,1734.5,14.1,93.1,58.6,9458,2206,237,46,36,96.5,98.5,2.5,87.5
638,20,30,12654,829,6.56,47.8,18.7,3352,522,46,26,49.9,72.3,98.4,1.8,62.8
639,20,31,166,15,9.26,52.2,31.7,41,15,1,0,86.6,62.9,75.7,4.5,85.5
640,20,32,919,95,10.35,89.1,34,419,83,6,2,85.2,49.1,62.7,3.1,65.3
641,21,1,44597,2785,6.25,78.7,54.9,8859,3432,155,127,83.5,68.6,91.4,2.1,95.5
642,21,2,1732,189,10.95,80.3,55.6,469,111,7,1,95.2,81.6,64.6,2.4,71.5
643,21,3,24350,2841,11.67,74.4,29.6,6823,3009,214,90,31.4,84.7,91.4,3.5,87.2
644,21,4,124534,10720,8.61,46.9,26.6,11641,8244,847,304,69.4,89,95.3,1.9,89.5
645,21,5,19846,3264,16.45,71.1,37,3361,2389,119,29,58.7,60,67,3.4,99.3
646,21,6,652,102,15.75,59.1,33.1,358,32,4,1,73.6,71.1,78,3.6,86.5
647,21,7,44064,3431,7.79,87.7,46.4,10179,3851,325,200,71.3,90.8,68.4,4.3,61.3
648,21,8,24055,3719,15.46,96,32.7,5794,1094,191,68,96.1,35.6,87.5,1,94.8
649,21,9,5272,306,5.81,95.7,32.4,2170,482,31,5,51.7,84.9,76.7,1.6,59.9
650,21,10,19071,3077,16.13,50,27.2,8422,1405,191,69,46.4,45.2,76.5,1.9,68
651,21,11,58844,3288,5.59,60.2,24,15713,2988,229,137,48.4,74.5,74.5,2.1,63.6
652,21,12,23118,2427,10.5,61.4,37.6,2949,1061,131,94,77.4,86.9,79,4.5,97.2
653,21,13,43010,3257,7.57,67.9,35.1,12958,6603,630,55,71.1,70.4,95.6,3.5,70.2
654,21,14,102431,13307,12.99,62.1,20.7,27860,7207,848,86,92.5,51.2,80.1,2.3,64
655,21,15,2690,298,11.08,51.9,19.5,588,96,7,5,39.9,61.4,63.1,3.2,93.5
656,21,16,1615,269,16.72,85.4,54.7,918,132,7,8,31.4,79,77.2,3.3,62.4
657,21,17,1420,231,16.28,61.6,33.8,134,24,8,0,47.1,83.7,61.7,4.4,96.6
658,21,18,2188,126,5.8,84.9,29.5,265,179,17,1,39.6,56.9,66.2,2.3,69.1
659,21,19,53092,1734.5,16.59,68.9,28.6,10206,1274,270,53,70.5,59.9,78.2,1.6,96.2
660,21,20,27786,1540,5.54,55,20.5,4453,1557,217,85,46.6,72.3,68.4,1.5,63.3
661,21,21,76573,8877,11.59,94.8,51.4,11173,2831,516,100,35.8,46.9,62.9,2,74.1
662,21,22,622,13,2.16,74.9,31.6,192,46,3,1,62.6,35.2,87.3,4.8,98.6
663,21,23,56298,7712,13.7,71.1,33.7,10955,5535,491,159,74.5,46.7,82.5,4.9,96.9
664,21,24,27297,1416,5.19,47.3,18.9,7438,1288,163,81,62.9,52.6,72.2,3.1,84.4
665,21,25,4148,650,15.69,82.3,41,506,359,21,3,75.1,49.3,74.3,4.9,66
666,21,26,244739,9411,3.85,87.6,39.9,43032,18331,1373,431,72.1,89.8,95,1.7,94.5
667,21,27,8000,735,9.19,86.4,56.8,5271,695,111,36,92.1,54.8,97.2,3.7,65.6
668,21,28,79427,9326,11.74,65.4,31.7,8494,6654,620,298,45.9,42.2,78,0.6,70.8
669,21,29,22259,1734.5,11.09,73.4,47.7,7669,2830,149,79,66.4,56.3,78,3.6,66.1
670,21,30,11551,1909,16.53,48,27,2877,1181,94,37,89.1,42.9,72.5,4.6,72.4
671,21,31,297,29,9.8,62,26.5,45,8,1,0,53.9,55,80.1,4.4,60.3
672,21,32,1370,46,3.41,95.5,39.6,429,34,10,0,59.3,66.7,99.1,3.9,89.7
673,22,1,35986,4453,12.38,66.3,37.6,10510,4647,164,50,46.8,47.4,74.3,4.6,68.2
674,22,2,731,70,9.71,48,18.9,161,104,11,1,61,55.6,80.1,0.6,84.9
675,22,3,21155,1274,6.02,92.7,42.7,6123,2602,246,75,32.6,43.8,83.5,2,88.3
676,22,4,106649,9061,8.5,90.6,44.9,27310,4231,471,211,52.5,88.3,69,4.5,65.7
677,22,5,19464,2574,13.23,57.8,28,4198,2217,71,21,71.5,71.9,77.3,2.2,93.7
678,22,6,1312,166,12.66,90.2,52.2,375,44,4,0,57.2,47.4,83,1.9,56.2
679,22,7,80126,3204,4,88.1,40.6,6250,2306,300,149,51.4,82.3,67.3,5,86.9
680,22,8,26776,1158,4.33,69.1,34.9,7127,2073,213,70,66.9,47.6,77,4.4,90.6
681,22,9,4889,134,2.76,95,30.2,1284,418,32,7,76.8,61.4,99.4,2.4,97
682,22,10,19973,1917,9.6,47,31.3,5246,1078,292,99,80,46.3,77.5,4.3,88.3
683,22,11,32231,1734.5,12.62,88.7,28.1,16067,5630,323,160,48.8,73,89.3,3.3,61.7
684,22,12,34445,4695,13.63,91.6,61.3,3724,2228,149,58,59.8,56.3,80.1,4.3,84.9
685,22,13,41586,1595,3.84,68.3,21.6,22476,3339,448,253,51.2,80.5,96,2.2,69.4
686,22,14,121862,3737,3.07,46,24.1,10282,5926,946,98,69.4,37.3,66.9,3.2,78.2
687,22,15,2746,180,6.56,63.6,41.3,427,202,10,7,81.4,90.7,68.3,2.8,62.1
688,22,16,2597,334,12.86,55.7,27.8,1002,111,12,3,82.9,91.8,91.7,3,58.4
689,22,17,817,43,5.3,67.7,30.9,310,82,7,3,69.7,81.6,64.4,0.9,65.6
690,22,18,2048,154,7.54,94.4,32.3,391,92,9,5,65.6,45.2,63.6,2,71.4
691,22,19,53980,4256,7.89,60.8,19.9,9021,1875,279,39,83.4,73.2,71.8,3.8,91.8
692,22,20,30922,5485,17.74,83.8,37.4,4897.5,2034,191,51,51.4,81.2,71.5,0.9,67.1
693,22,21,80018,6083,7.6,57.5,28.4,21204,4123,452,137,68.5,78.4,95.4,2.1,96.9
694,22,22,23532,75,17.09,57.3,20.2,148,56,5,1,44.3,92.6,96.6,0.5,65.3
695,22,23,40768,6347,15.57,75.6,24.2,10815,3533,303,208,62,49.6,74.4,1.6,86.3
696,22,24,23804,494,2.08,72.8,36,6922,2474,195,92,70,43.5,77.6,2.8,88
697,22,25,2600,79,3.05,59.7,37.4,1046,103,9,5,55.1,71.2,98.5,4.4,96.4
698,22,26,107430,13405,12.48,78,53.3,65218,20432,980,651,37.7,71.9,76.3,3.6,96.6
699,22,27,10020,1234,12.32,94.4,40.3,4897.5,944,79,40,95.7,46.2,61.3,2.6,89.8
700,22,28,110337,19642,17.8,94.7,29.7,11851,7669,209,199,63.4,50.6,76.9,4,72.4
701,22,29,19487,1034,5.31,60.7,23.6,3083,2238,148,89,68,56.3,99,4.1,67.1
702,22,30,8504,1529,17.98,48.2,29.7,1486,1107,79,17,35.9,52.3,67.7,0.8,87.3
703,22,31,311,10,3.26,51.1,19.3,60,11,1,0,51.7,43.7,60.2,2.4,77.3
704,22,32,805,74,9.24,90.4,41,319,93,6,1,75.4,55.2,94.1,3.3,55.9
705,23,1,24326,1643,6.76,67,25.7,15342,1474,287,122,58.4,77.1,91.4,1.1,68.6
706,23,2,1132,132,11.72,77.6,24.4,4897.5,45,10,1,46.3,97,78.1,3.4,86
707,23,3,14374,2541,17.68,50.8,30.5,8171,1509,283,32,75.9,36.9,75.7,4.1,93.1
708,23,4,137380,9038,6.58,51,16.1,18892,5092,437,64,65.8,38,76.2,0.8,57.5
709,23,5,33772,4526,13.4,77.6,39.1,8786,2487,132,30,79.7,88.4,65.2,0.6,59.1
710,23,6,1446,145,10.08,96.8,65.3,272,40,6,3,46.3,36.4,67.9,3.7,86
711,23,7,54162,4834,8.93,60.7,27.5,11345,2136,300,89,75.1,49.8,79.9,4,58.3
712,23,8,17362,2392,13.78,79.5,24.3,4666,1530,126,58,54.3,41.3,61.6,3.8,55.4
713,23,9,7643,502,6.57,91.4,40.8,1389,255,41,18,51,93.2,62.8,1.2,72.4
714,23,10,25371,3605,14.21,51.9,27.2,5155,2124,161,70,40.9,74.9,90.5,2,88.8
715,23,11,42076,5827,13.85,77.8,38.5,8404,2910,154,133,51.6,46.1,65.4,4.3,96.6
716,23,12,30271,2785,9.2,98,42.7,10439,2715,99,76,94.6,51.1,74.6,2.2,62.2
717,23,13,90638,12307,13.58,64.4,34.4,21430,3288,481,212,97.5,90.9,81.9,0.7,92.6
718,23,14,144218,3310,2.3,68.1,25.3,31099,4334,590,247,96.8,90.5,78.1,3.1,58.7
719,23,15,1338,50,3.75,85.4,55.8,4897.5,147,14,9,68.4,76.9,73,0.9,95.1
720,23,16,2552,93,3.67,56.9,17.6,302,144,19,1,100,100,96.3,1.5,67.9
721,23,17,1154,154,13.38,71.1,23.3,256,97,2,3,55.3,67.6,60.1,3.5,95.8
722,23,18,1184,50,4.23,64.5,44.3,597,77,13,1,37.5,58.2,94.2,1.1,62
723,23,19,48708,1129,2.32,87.7,50.3,9381,2513,208,100,37.2,53.2,76.9,3.8,59.5
724,23,20,35081,6225,17.74,67.7,36.8,5851,1618,93,31,60.1,66.4,89.8,1.4,94.8
725,23,21,47483,1458,3.07,59.8,40,14204,3854,194,46,43.5,59.3,96.3,2.4,58.6
726,23,22,816,91,11.2,85.6,37.1,85,23,1,1,49.9,47.7,94.4,2.1,68
727,23,23,69206,4801,6.94,78.9,46.9,19278,1650,276,195,84.5,95.8,73.5,4.4,56.6
728,23,24,38938,1734.5,9.63,95.2,52.1,10631,3506,291,59,40.1,41.9,88.7,2,69.4
729,23,25,2887,364,12.61,85.7,39.9,513,115,21,9,31.8,70.6,85.3,4.4,65.6
730,23,26,125559,3203,2.55,89.6,38.3,35084,20287,1839,355,54.7,43.7,82,2.2,58.5
731,23,27,18778,875,4.66,72.3,35.2,3154,498,159,44,35,89,64.6,1.9,97.8
732,23,28,92432,3409,3.69,71,40.7,21430,4938,519,135,51,48.1,71.4,3.6,97
733,23,29,27269,850,3.12,76.5,52.8,9071,2641,223,38,97.7,75.6,84.8,2.6,71.7
734,23,30,7647,858,11.23,49.7,31.6,2877,373,72,33,35.5,91.3,80.1,3.3,74.3
735,23,31,289,12,4.27,87.9,52.4,37,24,1,0,39.8,62.1,71.5,0.8,96.5
736,23,32,1258,152,12.14,75.4,24.4,331,54,6,3,83,85.1,69.8,2.4,85.7
737,24,1,52489,7963,15.17,87.4,35.5,15296,1321,244,52,54.1,78.6,69,4.4,61.4
738,24,2,1520,173,11.39,71.1,25.1,473,49,7,3,65.2,42.1,74.1,2.8,60.6
739,24,3,25995,3008,11.57,48.7,15.9,7506,1254,143,39,93.5,54.3,80.4,1.7,78.2
740,24,4,145121,5166,3.56,80.7,35.7,21657,8077,620,353,88.6,35.4,67.8,0.9,58.6
741,24,5,13769,1536,11.16,70.5,40.9,5115,1991,188,22,96.8,73,94.5,3,93.8
742,24,6,672,81,12.1,65.3,30,352,129,12,4,51.2,61.9,67,1.7,83.7
743,24,7,59428,9222,15.52,71,22.8,15205,2072,370,188,63.3,38.6,82.9,0.6,69.3
744,24,8,13510,1442,10.68,98.5,39,5533,1460,190,32,71.5,75.2,69.8,1.7,95.2
745,24,9,5910,959,16.23,81.4,24.9,704,277,41,6,38,43.9,93.9,1.1,73.5
746,24,10,31361,2258,7.2,69.2,46.5,8413,3369,157,61,77.6,72.3,90.9,4.3,72.8
747,24,11,33467,3732,11.15,59.6,23.2,7131,3360,139,61,60.8,82.1,73.7,1.8,64.3
748,24,12,34572,1219,3.53,80.6,30.8,5664,1179,90,45,55.5,59.8,74.7,1.9,56
749,24,13,102075,14620,14.32,94.9,47.4,21815,7301,374,217,79.5,51.8,81.2,2.6,61.8
750,24,14,101761,18217,17.9,92.3,35,34901,3421,284,142,44.9,74.1,80.1,4,73.1
751,24,15,3305,163,4.94,64.8,31.7,421,225,20,5,63.2,65.2,82.5,1.7,71.9
752,24,16,1649,229,13.89,90.7,36.3,942,220,12,9,63.9,61.3,81.6,4.5,69.1
753,24,17,1031,104,10.11,93.6,35.4,276,79,3,2,79.6,76.8,75.4,3.2,57
754,24,18,1327,113,8.52,67.3,28.3,617,169,14,5,58.6,61.2,79.9,3.2,82.1
755,24,19,40351,5405,13.4,77.7,49.6,6189,3961,228,127,52.9,39.2,73.9,4.8,76.2
756,24,20,29896,3629,12.14,52.6,35.1,5420,2612,103,17,72.2,83.8,72.9,3.3,63.7
757,24,21,70516,3496,4.96,46.3,18.6,15379,6072,357,108,71.6,91.6,99.3,1.8,84
758,24,22,838,105,12.58,48.5,27.3,74,54,3,1,79.2,51.2,91.2,3.2,83
759,24,23,84697,7430,8.77,94.2,45.9,7549,5035,234,152,48.3,69.8,98.1,4.8,67.8
760,24,24,22782,2217,9.73,61.2,34.6,5715,1895,133,83,54.1,40,99.6,0.5,79
761,24,25,2386,265,11.13,84.4,26.8,843,227,18,8,97.4,88.9,80.1,3,84.5
762,24,26,268449,14754,5.5,95.6,45.3,66286,9951,1529,299,63.2,46.5,82.9,4.8,93.8
763,24,27,21203,465,2.19,59,39.1,4628,1303,148,30,48,61.2,77.9,1.4,94.6
764,24,28,42180,5140,12.19,56.9,19.8,18153,5747,645,56,56.5,38.7,99.6,4.4,98.8
765,24,29,24436,1458,5.97,50.8,31.3,8153,1212,255,57,41.7,43.6,68.7,3.8,76.7
766,24,30,5841,462,7.92,88.4,33.3,2777,409,54,7,77.4,61.2,64.9,0.7,67
767,24,31,353,50,14.32,67.4,25.9,74,12,1,0,67.6,50.6,97.2,1.9,85
768,24,32,1086,173,15.94,59.3,26.7,290,66,9,3,92,64.8,77.9,3.4,93
769,25,1,38926,1734.5,5.12,52.6,18.3,9886,1722,339,35,74,37.2,65.1,0.7,97.2
770,25,2,1225,75,6.14,94.2,29.6,446,117,5,4,90.3,92.8,92.2,1.4,78.9
771,25,3,38273,1124,2.94,79.4,52.9,8087,1922,229,67,54.7,47.4,70.9,4,92.5
772,25,4,99082,6356,6.42,67.2,32.6,13560,3966,370,162,31.9,75.8,95.3,3,77.5
773,25,5,29494,2225,7.54,71.1,29.5,2665,2325,159,73,61.7,85.9,80.5,2.4,61.8
774,25,6,1547,197,12.79,91.5,29.6,203,37,7,2,50.5,45.9,65.9,4.2,83.2
775,25,7,37512,4367,11.64,50.6,23.3,9082,6105,363,71,42.8,71,77.8,3.2,55.2
776,25,8,13291,539,4.06,94.2,63,7152,857,68,66,79,50.5,72.6,4.7,56.1
777,25,9,5744,858,14.95,46.1,20.5,1597,651,27,9,58.9,73.8,99.5,4.2,87.4
778,25,10,35977,1734.5,5.96,73.5,27.3,10777,1224,152,111,79.7,72.3,74.7,4.2,56.3
779,25,11,75203,11418,15.18,95.2,31,17140,1418,448,81,30.4,38.7,96.6,1.1,70.6
780,25,12,34076,1160,3.41,76.2,41.2,5758,1130,269,54,78.7,35.9,79.5,4.7,74.5
781,25,13,100740,8631,8.57,55.8,38.1,16204,2450,327,196,81.7,83.2,95.8,1.3,78.2
782,25,14,146773,9842,6.71,97.5,31.5,20941,10350,249,196,90.3,72.9,84.4,1.5,83.8
783,25,15,2381,76,3.23,52.4,35.4,883,73,9,1,43.7,68.2,64.1,4.9,67
784,25,16,3786,474,12.54,60.2,32.2,348,256,18,8,72.6,56.1,93.6,3.2,70.8
785,25,17,946,150,15.92,71.7,36.6,120,51,8,3,50.9,86.4,93.8,0.6,87.7
786,25,18,2097,279,13.32,60.1,22.9,488,126,12,1,78,79.5,74.9,3.5,74.9
787,25,19,45932,7578,16.5,53,25.2,7688,1199,109,60,76.5,80.7,98.2,1.4,74.3
788,25,20,25637,1222,4.77,57.9,27.6,4301,806,171,77,50.8,45.9,95.8,2.8,97
789,25,21,71754,11575,16.13,91.9,61,7003,5734,613,233,97.9,65.9,69.5,4.4,70
790,25,22,295,45,15.33,79.2,54.8,137,54,2,0,81.2,89.4,96.2,3.8,96.6
791,25,23,76457,2907,3.8,87.3,31.1,6284,1864,161,200,80.5,61.5,90.8,1,98.9
792,25,24,37307,6269,16.81,83.3,41.2,4897.5,2007,305,80,49.4,55.3,75.9,1.9,62.3
793,25,25,3122,174,5.58,71.7,39,986,197,14,2,47.8,48,86.3,1.7,94.8
794,25,26,185068,4522,2.44,58.2,28.5,26728,12273,894,363,95.8,50,73.4,1.1,75.5
795,25,27,12457,1097,8.81,77.3,43,3123,1613,75,26,63.4,95.1,90.6,3.7,73.1
796,25,28,105856,11999,11.34,98.2,67.6,23039,6745,383,218,46.8,72.2,80.9,4.4,80
797,25,29,22498,1244,5.53,60.1,36.4,8896,2568,258,56,66.1,60.1,88,4,88.4
798,25,30,5979,666,11.14,89.8,49,4055,308,91,10,32.1,75.4,67.6,1.6,91.4
799,25,31,343,10,3.16,81.5,35.1,40,8,1,0,97.4,40.8,85.7,3.1,76.4
800,25,32,1075,85,7.92,92.7,62.2,354,100,4,2,47,36.9,72.4,1.6,94.8
801,26,1,45361,1783,3.93,52.5,19.9,14776,4177,149,107,69.6,70.1,80.5,1.4,67.5
802,26,2,692,49,7.13,95.2,55.3,379,74,7,1,83.8,88.7,63.4,3,61.6
803,26,3,18942,1295,6.84,77.5,44.9,5942,1031,146,57,42,83.7,75.1,3.3,95.8
804,26,4,74656,10887,14.58,82.6,51,32586,5793,984,160,68.7,54,76.2,1.1,66.7
805,26,5,22662,1639,7.23,56,27.7,3485,989,182,80,72.8,82.3,94.2,4,99.8
806,26,6,1429,30,2.16,55.5,31.9,181,98,5,2,40.7,65,86.7,3.1,92.1
807,26,7,69241,6755,9.76,64.3,43.2,15820,6066,303,118,54,88.1,73.3,2.3,72.5
808,26,8,33159,3236,9.76,76.2,42.1,6215,2292,115,25,64.5,94.5,68.8,3.2,92
809,26,9,5793,844,14.59,78.2,33.4,2084,284,34,19,60.9,82.2,77.7,2.8,92.1
810,26,10,37098,5812,15.67,66.8,27.5,10739,1409,94,71,71.6,38.6,66.7,0.6,95.3
811,26,11,42955,7417,17.27,94.9,63.8,17412,1566,460,58,92,60.6,73.7,4.9,75.1
812,26,12,35038,1216,3.47,87,60.7,5890,1369,154,27,68.2,51.9,63.5,4.9,70.8
813,26,13,37119,1248,3.36,87.8,27,24465,5712,679,235,77.7,54.9,78.7,3.3,62.7
814,26,14,109077,13523,12.4,51.1,29.4,25740,5970,909,352,86.6,92.8,90.6,4.9,78.8
815,26,15,1808,116,6.46,47.2,20.4,925,243,10,2,82.7,81.6,96.8,3.5,58.4
816,26,16,4050,720,17.8,58.1,18.9,890,194,10,6,42.8,62.4,97.9,2,61.4
817,26,17,815,135,16.57,91.6,30,126,30,9,1,33.1,64.9,87.2,0.7,85.8
818,26,18,1932,313,16.2,80.1,48.1,413,61,14,2,94.9,91.6,88.4,1.4,93.3
819,26,19,25353,1920,7.57,64.3,21.5,11566,1296,190,53,59.7,46,88.7,3.4,93
820,26,20,19390,1734.5,5.15,47.9,32.3,2967,2314,191,23,39.5,58.6,88.3,2,84.3
821,26,21,90375,13703,15.16,71.4,43.2,7650,7173,272,160,32.1,63.5,73.5,2.8,71.8
822,26,22,313,44,14.24,70.7,31.1,91,37,4,1,70.3,60.7,70.9,1.1,68.8
823,26,23,93318,16647,17.84,78.2,43.5,14624,6326,259,62,61.7,44.4,97.1,4.9,82.2
824,26,24,30326,5365,17.69,50.5,22,8871,2238,127,63,30.8,83.5,95.3,4.7,86.3
825,26,25,3933,582,14.81,69.5,42.3,740,287,26,3,56,36.1,93.5,1.8,67.7
826,26,26,221484,31206,14.09,65.3,22.5,44216,14655,1828,214,92.7,65.7,87,2.1,73
827,26,27,19324,2443,12.65,59.4,33.4,5823,654,98,20,46.6,48.5,82.2,1.5,74.7
828,26,28,105505,17527,16.61,77,33.7,17488,3394,312,71,39.5,50.7,81.2,1.8,92.4
829,26,29,18072,3113,17.23,61.4,35.1,9043,936,82,54,33.3,63,90.8,4.2,76.4
830,26,30,11128,294,2.65,65.5,20.8,3256,873,98,19,97.1,77,75.6,3.4,94.7
831,26,31,232,5,2.18,49.3,30.1,53,25,1,0,88.1,63.5,61.9,0.9,79.6
832,26,32,699,102,14.73,47.7,23.7,369,128,9,3,70.2,70.1,93.6,3.3,84.9
833,27,1,54800,8393,15.32,45.3,27,5832,1489,224,110,79.4,95.6,90.5,1.9,89.7
834,27,2,1511,237,15.7,75.7,31.1,132,97,7,3,39.4,47.9,69.3,1.2,89.1
835,27,3,25547,984,3.86,47.9,27.4,5458,2494,153,67,90.3,77.7,72.8,4.3,66
836,27,4,98584,14017,14.22,92.5,49.2,11110,4191,626,185,59.6,55,65.2,0.7,72.8
837,27,5,15150,1654,10.92,62,42.4,8514,1143,152,21,47,36.5,65.4,0.9,64.9
838,27,6,1692,272,16.13,90.2,47.7,132,37,8,0,37.1,39.8,79.9,4.5,94.7
839,27,7,71133,6609,9.29,73.9,39.8,17765,6028,408,71,60.1,38.4,97.8,3.7,91.1
840,27,8,31743,1734.5,7.91,68.6,32.7,4216,2482,142,61,85.1,66.4,77,2.5,59.2
841,27,9,7574,1295,17.1,51.3,27.1,1112,576,38,17,87,58.6,73.7,3.5,69.2
842,27,10,35801,4369,12.21,71.1,45.3,8665,2207,155,90,77.4,53.4,97.2,2.8,77.2
843,27,11,67590,10694,15.82,74.4,32.3,17640,2385,253,60,70.5,65.9,68,2.2,84.1
844,27,12,26410,3567,13.51,90.6,37.5,5163,1692,230,59,52,65.4,80.1,1,69.8
845,27,13,41192,3163,7.68,64.1,42.5,24728,2751,407,111,48.7,52.4,97.9,3.4,94.6
846,27,14,86913,5715,6.58,85,35.7,19620,10406,882,113,56.2,62.7,85.9,0.8,71.9
847,27,15,1430,175,12.25,88,46.8,581,132,16,5,73.9,49.9,76.9,2.9,90.9
848,27,16,4074,349,8.59,80.4,33.6,762,102,11,5,50.8,46.9,89.6,3,96.1
849,27,17,487,24,5.08,74.5,35.1,359,72,3,1,41.9,47.5,72.1,4,80.4
850,27,18,2017,156,7.78,71.1,51,381,67,16,4,52.8,66.1,88.6,3.9,59.2
851,27,19,51950,1734.5,14.95,90.6,51.3,9632,1154,283,63,82.7,86.6,85.6,3.4,94.9
852,27,20,33430,1481,4.43,58.1,26.6,8481,2372,95,31,43.3,85.6,72.9,4,58.1
853,27,21,92354,4621,5,54.3,26.2,21690,4790,367,125,52,55.7,86.6,2.8,96.7
854,27,22,495,17,3.51,63.7,28.7,122,51,3,1,69.3,83,90.1,3.7,92.8
855,27,23,43834,2126,4.85,63.4,41.7,7841,2097,458,170,72.4,53.4,88.3,4.4,80.4
856,27,24,19377,2613,13.49,80.9,34.3,6082,3532,173,30,48.9,60.9,81.3,2.5,90.4
857,27,25,4428,604,13.66,65.6,27.1,1139,231,13,2,47.3,91.8,96,4,83.4
858,27,26,179642,31076,17.3,70.5,44.3,40762,19994,1092,128,58.7,80.6,75.7,2.9,65.3
859,27,27,11201,1615,14.43,89.3,33.1,4250,1057,44,16,51.7,71.6,88.5,2.7,56.1
860,27,28,93137,16041,17.22,71.4,41.1,15228,6243,668,156,78.9,78.3,78.5,4.5,55.2
861,27,29,34233,4753,13.89,52.6,22.8,4912,2823,183,19,87.3,74.8,62.5,3.5,67.1
862,27,30,12393,1710,13.81,71.1,57.3,3026,318,45,9,82.6,75.8,75,0.7,77.3
863,27,31,333,30,9.2,93.7,61,85,11,1,0,70.9,77.2,87.9,2.6,80.9
864,27,32,1054,100,9.56,56,20.9,210,77,4,2,43.9,51.3,83.9,1.5,70.8
865,28,1,63862,7421,11.62,80,49.4,12772,1295,144,84,36.2,43.9,95.2,4.9,88.9
866,28,2,724,26,3.7,85.5,56.7,389,102,4,3,92.8,52.5,89.7,0.8,81.7
867,28,3,37132,2001,5.39,92.2,39.2,4089,1100,145,79,39,51.1,98.2,1.8,91.1
868,28,4,74033,4449,6.01,95.4,42,24544,6948,868,329,51.8,51.9,77.4,0.5,97.7
869,28,5,16415,701,4.27,87.2,57.5,4472,2309,224,36,58.2,60.8,97.2,2.1,55.8
870,28,6,829,38,4.64,73.4,26.4,133,122,6,4,69.5,55,73,5,93.5
871,28,7,41128,6121,14.88,84.1,45.7,12718,2921,285,55,83.7,64.8,77.6,1,89.9
872,28,8,25439,4223,16.6,65.8,42.8,3166,1517,62,65,54.7,69.5,74.2,2.7,64.7
873,28,9,4923,634,12.88,60.4,40.2,1707,253,57,21,58.1,50.5,86.3,3.2,97.3
874,28,10,28069,3854,13.73,91,52.5,6623,2809,304,46,79.6,78.8,74.7,1.2,76.3
875,28,11,59349,4159,7.01,71.8,37.2,14616,4450,483,39,68.6,57.4,60.5,2.8,69.3
876,28,12,40487,1171,2.89,50.5,35.3,4701,916,90,39,97.7,39.9,90.6,1.3,64.3
877,28,13,52114,5160,9.9,45.5,20.5,13312,3801,483,109,51.6,53.4,68.9,1.5,64.5
878,28,14,70773,9271,13.1,57.1,38.8,26745,10685,460,222,96.4,87.7,65.4,2.4,64.4
879,28,15,3238,293,9.06,91.9,54.5,532,136,23,6,73.2,51.3,84.4,3,61.6
880,28,16,1729,189,10.98,89.6,38.7,667,153,17,9,86.2,90.8,69.9,2.9,57.5
881,28,17,526,28,5.47,47.2,19.3,252,91,2,0,40.2,91,67.5,4.5,91.7
882,28,18,1407,185,13.2,83.2,52,261,77,9,4,74.9,50.1,75,4.1,75.3
883,28,19,40906,6129,14.99,56.1,21,8292,1168,240,99,67.5,87.7,70.6,1.8,58.9
884,28,20,13779,1451,10.54,49.9,23.9,3859,2034,144,50,92.1,74.1,74.4,3.9,85.6
885,28,21,85306,11618,13.62,58.1,39,11737,6293,643,144,77.9,93.7,86.2,2.2,63.8
886,28,22,472,41,8.81,56.8,31.6,110,32,4,1,60.1,49.8,87.4,3.2,96.7
887,28,23,59379,3276,5.52,46.9,27.7,4897.5,2785,573,160,66,78.8,82.1,0.9,77.2
888,28,24,34789,2822,8.11,56.2,30.8,4619,3157,132,89,88,86.7,85.4,1,57.7
889,28,25,4266,1734.5,7.36,54.6,16.8,937,344,27,11,32.8,74,71.7,2.2,56
890,28,26,240440,10107,4.2,64.7,21.5,18856,16555,773,148,53.3,57.3,99.1,4.7,93.4
891,28,27,9372,847,9.05,87,29.5,5885,1381,145,49,76.6,43,93.8,4,63.7
892,28,28,107664,3129,2.91,52.4,20,20028,6851,199,109,59.9,51.4,72.9,2.4,99.6
893,28,29,29951,706,2.36,71.1,32.8,2852,1384,97,91,70.9,91.2,80.5,3.8,78.6
894,28,30,10770,724,6.73,67.2,24.1,2697,778,73,21,52.8,52.5,68.9,3.7,98.2
895,28,31,23532,41,12.22,67.2,40,73,25,0,0,42.4,36.1,93.8,4,97.8
896,28,32,1704,142,8.35,65.3,30.2,446,37,3,3,55.3,68.2,81.2,0.8,70.3
897,29,1,36586,1734.5,10.08,98.2,34.5,14889,2635,372,52,47.4,78.9,88.2,2.9,65.6
898,29,2,948,35,3.7,89.4,37.7,445,37,10,3,81.7,67.2,65.2,1.2,85.1
899,29,3,37699,6673,17.7,90,53.8,4562,1778,204,95,34.6,58.1,84.8,3.7,66.4
900,29,4,103680,3324,3.21,96.5,59.3,17855,7701,471,299,81.7,62.3,68.1,2,92.1
901,29,5,25764,4467,17.34,47.1,31.9,2390,1501,146,76,31.4,78.1,83.9,4.8,64
902,29,6,738,131,17.78,51.9,20.4,268,134,6,2,49.8,93.9,83.7,4.8,91.3
903,29,7,81829,6924,8.46,85.9,54.9,4897.5,3677,481,45,48.6,90.3,70.3,4.8,83.1
904,29,8,19275,1734.5,11.32,71.1,42.2,7321,846,121,70,39.9,41.8,80.7,2.7,60.2
905,29,9,7000,565,8.07,55.5,23.8,989,489,41,20,50.7,92.8,78.5,1.9,76.8
906,29,10,45751,1428,3.12,45.9,16.8,9898,1346,132,24,35.6,83.4,83.5,1.5,79.9
907,29,11,37972,6300,16.59,51.8,31.9,12330,4835,169,53,83.8,82.7,95.1,3.6,88
908,29,12,28141,615,2.19,55,17.6,6349,1053,176,58,92.4,55.3,85.6,3.7,95
909,29,13,35297,4622,13.1,95.2,55.5,16164,4318,631,81,44.9,44.7,87.9,1,56.5
910,29,14,104533,17270,16.52,62.6,29.9,34499,9952,612,187,32.6,74.3,64.7,3.5,69.9
911,29,15,3257,570,17.53,59.2,24.3,767,194,14,5,66.1,64.3,79.1,4.2,57.1
912,29,16,2819,138,4.91,73.5,44.2,419,188,11,7,62.4,49.1,61.5,5,75.8
913,29,17,1030,169,16.5,49.8,27.5,107,91,4,2,95.1,39.8,63.2,3.3,60.6
914,29,18,2298,391,17.04,79.5,34.5,616,87,15,3,84,78.5,83.6,2.9,91.7
915,29,19,24861,4453,17.91,83.2,54.9,10807,2500,313,68,40.3,49.7,63.8,3.9,75.7
916,29,20,18519,1734,9.37,92.2,61.8,4340,1601,115,56,33.8,66.4,82.9,4.1,77.7
917,29,21,54674,9385,17.17,53.5,31.2,10724,1641,189,192,80.8,92.7,74.4,4.8,55.2
918,29,22,441,70,16.09,61.9,37.1,101,21,2,1,67.1,53.3,92.8,1.5,85.7
919,29,23,40772,2886,7.08,60.1,28.3,14077,5860,371,206,92.3,71.7,78,2.2,85.4
920,29,24,25192,2487,9.87,84.8,31.9,3704,2158,192,108,53.5,38.7,78.7,2.6,95
921,29,25,4704,799,17,71.1,18.3,1134,94,11,11,44.1,89.9,88.5,1.7,70.8
922,29,26,134194,22590,16.83,66.3,42.3,41903,14467,1774,288,67.6,95.1,67.9,1.2,63.5
923,29,27,22113,1344,6.08,66.8,44.7,4510,839,47,14,73.3,49,80,4.1,78.3
924,29,28,51267,8215,16.03,61.9,39.7,28668,3075,776,296,40.5,96,96.9,3.9,59.2
925,29,29,39475,1702,4.31,68.9,33.8,8379,2126,233,79,37.4,66.3,85.1,2.8,77
926,29,30,14258,2374,16.65,83.1,55.9,1478,1201,32,24,86.2,83.5,94.8,3.9,79.5
927,29,31,326,53,16.42,80.2,50.2,78,7,2,0,34.8,46.9,70.3,1.7,95.1
928,29,32,1728,236,13.67,89.4,35.6,193,43,7,2,52.1,54.7,81.2,4.2,56
929,30,1,44722,5395,12.06,80.6,33.4,10776,3521,126,40,31.9,47.4,62.9,2.3,75
930,30,2,1559,241,15.51,70.1,29.1,436,138,8,2,83.3,70.1,72,1.7,87.5
931,30,3,30748,5413,17.61,90,32.4,4897.5,3075,243,44,52.7,37.5,66,2.6,61.9
932,30,4,70590,6158,8.72,78.2,49.9,12651,3382,418,246,78.1,89.6,86.1,3.5,96
933,30,5,28935,1734.5,4.22,96.3,58.7,3537,1953,112,66,90.3,46.1,75.9,2.5,68.3
934,30,6,1565,34,2.18,46.2,32.1,336,44,6,2,95.4,40.7,61.1,4.3,75.9
935,30,7,37101,2290,6.17,47.1,21.8,15403,5330,142,89,66,89.9,60.2,0.8,57.2
936,30,8,28751,3402,11.84,49.8,23.9,4941,1523,116,35,41.9,68.7,85,3.8,69.5
937,30,9,5788,586,10.13,61.9,42.1,1735,502,25,15,84.9,89,61.8,3.3,87.3
938,30,10,21218,2698,12.72,71.6,45.5,3439,2157,134,110,93.1,60.1,93.6,2.2,89.4
939,30,11,38191,4320,11.31,91.7,43,17594,3196,237,186,50.1,49.8,94.3,4.7,84.5
940,30,12,39573,2638,6.67,66.4,44.9,10499,1482,79,45,81.2,68.7,82.9,0.9,75.6
941,30,13,93894,6520,6.94,48.6,21,11185,6957,548,134,64.5,45.6,71,0.7,77.2
942,30,14,133936,16703,12.47,57.1,25.5,24841,5987,883,193,56.6,51.7,72.1,4.4,95.5
943,30,15,3370,130,3.86,58.3,32.8,771,112,10,2,35.7,83.2,95,4.5,56.6
944,30,16,3191,265,8.31,87.5,49.8,771,93,25,9,55.7,45.2,62.2,4.5,75.5
945,30,17,912,95,10.5,50.1,28,301,44,8,0,95.9,48.9,68.1,4,97.2
946,30,18,2552,248,9.75,61.3,41.1,653,104,16,3,96.7,93.7,97.1,4.4,83.2
947,30,19,30376,1531,5.04,96.8,37.6,9479,3550,301,69,83.9,84.9,93.4,0.5,96.9
948,30,20,26688,1849,6.93,65.2,25.1,2722,1862,160,65,71.4,84.6,69,3.6,95.4
949,30,21,85602,8592,10.04,91.5,39.1,17648,6497,623,68,37.2,66.5,76.1,2,71.5
950,30,22,493,62,12.72,77.9,34.5,190,31,1,0,100,100,76,1.2,83.7
951,30,23,56823,6344,11.17,49.6,16.6,19292,6853,449,92,53.3,40,99.5,4.4,83.6
952,30,24,23532,844,4.9,50,29.9,10748,2219,239,95,53.6,96.3,78.4,4.2,56.7
953,30,25,1974,109,5.55,53.8,37,950,267,21,11,63.2,65.8,60.6,4,89.9
954,30,26,92715,9691,10.45,84.1,30.6,63744,10642,1570,443,68.5,53,80.2,4.8,66.4
955,30,27,21438,1822,8.5,89.2,54.2,5120,1441,97,51,48,87.4,63.6,4.9,69.4
956,30,28,95880,16336,17.04,64.5,43,4897.5,4041,202,256,78.2,38,62,0.6,92.5
957,30,29,13711,1730,12.62,50.1,30.1,4302,1630,240,18,38.2,49.9,62.6,3.8,77.7
958,30,30,12637,1456,11.53,58.2,38.9,2126,718,51,12,64.8,40.1,90.1,2.2,93.7
959,30,31,123,13,10.81,79.8,33.2,32,12,1,0,93.2,59.1,74.1,3.6,99.1
960,30,32,1137,198,17.47,55.2,31.6,337,89,8,1,97.3,52.1,93.6,4.6,96.1
961,31,1,31640,1493,4.72,68.3,21.9,8497,1807,415,156,57.5,96.1,62.8,4,59.7
962,31,2,932,59,6.36,49.8,30.6,457,77,6,1,31.8,41.5,63.5,4.7,93.5
963,31,3,34729,3827,11.02,96.1,44.6,7594,1823,268,41,77.2,75,75.3,3.4,78.2
964,31,4,52634,7265,13.8,56,34,16297,6471,456,99,32.2,92.7,64.9,2.7,58.7
965,31,5,32399,3553,10.97,58.8,40.3,5026,1146,207,73,52.6,49.7,99.7,3.6,80.1
966,31,6,1374,45,3.34,92.3,47.2,381,51,12,2,78.9,48.6,86.8,1,98.4
967,31,7,63849,3166,4.96,89.2,57.2,11559,5921,556,131,69.1,39.3,83.2,1.2,88.5
968,31,8,21380,2182,10.21,93.2,51.1,5484,901,224,37,96.3,91.5,60.4,1.7,63.2
969,31,9,6122,255,4.17,69.5,43.3,1938,531,36,14,79.9,53.1,65.2,1.3,72.3
970,31,10,16094,2529,15.72,81,36.3,6073,1922,191,55,96.8,37.2,87.4,3.2,72.4
971,31,11,28490,3906,13.71,46.6,27.4,15154,2690,208,125,50.8,84.5,69.3,4.8,59.2
972,31,12,21289,2087,9.81,70.2,45.9,3011,2698,103,37,34.7,75.8,76.5,1.7,92.7
973,31,13,98705,10304,10.44,88.2,29.2,19753,4449,548,70,92.5,89.6,75.1,1,69.5
974,31,14,127589,4103,3.22,71.1,23.2,31487,2862,734,160,92.8,52.7,81,3.2,92.3
975,31,15,3265,258,7.91,47.1,28.3,798,209,12,8,98,57.3,87.8,3.6,65.9
976,31,16,2357,358,15.22,82.5,53.9,1006,167,21,9,100,100,74.9,4.6,97
977,31,17,1346,158,11.75,69.5,41.4,233,56,5,2,53.4,37.6,90.5,3,57.3
978,31,18,1781,138,7.77,71.1,35.4,657,97,4,4,50.4,81.6,93.8,2.5,88.3
979,31,19,51685,9171,17.75,80.7,53.7,5702,1820,150,101,79.1,92.7,87.5,0.8,92.6
980,31,20,17257,2089,12.11,95.4,54.8,5268,1442,65,72,32.1,91.6,78.9,0.5,79.7
981,31,21,56475,6288,11.14,46.7,26.1,4897.5,5479,215,239,56.6,77,63.1,2.9,57.1
982,31,22,561,64,11.55,92.4,51.8,114,54,3,1,49.7,67.6,88.1,2.3,58.9
983,31,23,84736,11839,13.97,56.5,27.2,18588,5034,394,42,94.3,78.3,92.2,5,68.3
984,31,24,16727,504,3.02,78.3,39.6,5547,898,292,104,51.8,72.2,61.2,1.4,91.8
985,31,25,2733,400,14.64,88.2,29.8,652,172,16,8,51.4,59.6,93.3,3.9,83.4
986,31,26,163439,4478,2.74,50.6,32.5,37392,19059,1379,260,95.8,80.4,96.2,4.6,80.1
987,31,27,21480,1719,8.01,89.6,56.5,3171,1753,94,32,72.9,94.9,95.1,4.4,89.5
988,31,28,88784,9077,10.22,85.2,32.8,10081,2455,283,244,41.6,39.4,91.8,2,72.3
989,31,29,28276,3919,13.86,73.9,22.2,4084,2258,135,33,96.3,43.8,80.1,2.3,56.4
990,31,30,9567,1596,16.69,91.7,31.8,3515,475,53,29,90.8,88.8,78.9,4.9,77.7
991,31,31,221,31,14.14,85.8,57.2,87,23,1,0,74.7,90.1,87.2,0.9,82.6
992,31,32,1061,168,15.84,95.5,49.6,163,133,10,1,88.4,95.3,90.1,2.3,88
993,32,1,22942,1951,8.51,96.9,66,11157,3406,348,120,83.2,94.4,90.3,2.7,75.6
994,32,2,1732,67,3.88,71.1,39.5,391,93,6,4,31,48,78.8,3.2,85.8
995,32,3,23817,2350,9.87,63.9,21.1,8828,1591,184,28,59.6,85.2,79,4.3,95.4
996,32,4,65968,10105,15.32,53.5,31.3,20023,6796,514,285,37.4,75.3,68,3,91.1
997,32,5,12901,1424,11.04,86.1,41.4,4451,2376,74,17,72.7,88.1,96,3.1,80.8
998,32,6,1668,284,17.07,91.2,29.3,386,53,6,1,95.8,49.8,72.6,4,60.6
999,32,7,75579,4508,5.97,51.7,21.1,12359,3326,452,95,63.2,92.1,69.7,4.6,98.5
1000,32,8,29771,4278,14.37,48.3,24.1,4446,1392,81,21,44,88.8,78.5,1.6,62.1
1001,32,9,3228,409,12.68,89.7,41.5,1328,459,30,12,60,47.5,81.3,2.5,93.1
1002,32,10,24342,3227,13.26,60.9,30.8,8786,3163,146,80,42.4,48.6,76.8,3.4,62.3
1003,32,11,80383,13547,16.85,60.3,28.5,7889,2007,447,51,45.7,44.9,65.5,4.2,79
1004,32,12,29147,5033,17.27,57.2,31.1,2972,3029,137,52,90.1,67.2,97.2,3.4,68.1
1005,32,13,85358,2245,2.63,96.5,65.5,23751,6856,412,86,42.7,47.8,94.4,1.7,69.4
1006,32,14,50101,2376,4.74,92.4,54.4,30994,7152,355,64,62.3,64.5,68,3.4,75.6
1007,32,15,2497,232,9.33,81.8,26.6,462,221,9,2,42.1,76.3,67,0.9,80
1008,32,16,2707,423,15.66,57.8,37,302,186,14,6,95.9,79.5,95.6,1,74.4
1009,32,17,982,105,10.72,49.2,15.1,310,64,4,1,97.2,77.8,91.3,3.7,79.8
1010,32,18,1147,99,8.72,79.1,50.2,643,127,15,1,31.5,49.3,62.7,3.9,86.8
1011,32,19,27623,1008,3.65,93.9,43.8,4055,982,300,71,62,50.6,61.4,0.9,57.4
1012,32,20,19470,1978,10.16,71.7,27.7,8864,1201,188,47,71.8,35.9,64.1,2.8,60.5
1013,32,21,74130,5403,7.29,88.1,33.3,19953,4221,371,66,60.9,75.6,65.5,0.8,64
1014,32,22,695,34,4.94,88.9,55.3,86,30,4,0,77.8,78.7,75.9,4.8,62.6
1015,32,23,67402,3308,4.91,71.1,25,13023,4899,593,62,71.4,52.5,71.2,3.3,79
1016,32,24,35072,4347,12.4,48.5,31.6,8055,1537,173,101,96,69.6,86.6,4,96.5
1017,32,25,3326,131,3.94,90.4,58.2,1188,161,19,9,38.5,54.9,96.4,5,89
1018,32,26,268449,39489,14.71,81.6,47.8,4897.5,19288,895,602,77.4,41.6,89.8,3.3,77.1
1019,32,27,21102,2277,10.79,93.8,48,3109,427,99,43,63.5,91.2,87.7,1.4,65
1020,32,28,62731,5014,7.99,63.8,26.8,20217,4663,783,163,41.8,77.9,82.9,0.5,80.3
1021,32,29,26527,2012,7.59,94,64.1,5288,2065,140,50,92,59,87.3,1,63.4
1022,32,30,14113,1590,11.27,61.9,29.4,3087,993,93,21,78,37.6,80.1,3.5,77.3
1023,32,31,276,40,14.67,87.4,42.4,28,18,2,0,78.5,40.8,97,3.5,75.5
1024,32,32,1491,31,2.1,64.1,23.7,382,93,9,2,38.4,44.2,75.8,3,60.3
1025,33,1,21957,1921,8.75,66.9,41.6,4897.5,2711,316,154,40.1,94.6,75.3,1,85.7
1026,33,2,1040,144,13.91,81.9,52.5,306,93,5,3,77.5,84.2,73.9,1.2,73.4
1027,33,3,15618,1726,11.05,84.6,55.9,8321,803,107,61,86.2,79.8,82.8,4.5,88.3
1028,33,4,69412,4920,7.09,94.1,50.6,24369,3758,576,171,90.1,69,95.2,2.6,60.5
1029,33,5,33775,3448,10.21,81.3,32.2,3945,2368,86,46,92.4,81.3,85.5,1.6,67.1
1030,33,6,982,71,7.23,56,20,475,135,3,2,89,46.3,79.4,2.9,66.7
1031,33,7,67123,2607,3.88,98,45.2,9636,5054,491,176,82.7,74.1,93.9,1,67.2
1032,33,8,26269,1306,4.97,97.8,66.1,4897.5,784,149,74,76.6,54.6,71.5,4.3,75.4
1033,33,9,6586,1734.5,17.03,73.4,41.5,1790,639,39,20,43.5,88.4,61.3,1.7,61.9
1034,33,10,29275,4008,13.69,47.6,24.5,11379,3013,239,22,74.1,82.4,79.5,2.4,82.4
1035,33,11,72935,1734.5,12.26,92.1,30,18675,3594,399,164,55.4,69.2,95.5,2.1,62.8
1036,33,12,33213,3993,12.02,82.6,37.1,4025,1434,242,67,61.6,80.2,75.8,0.5,84.7
1037,33,13,95948,7006,7.3,47.2,17.3,9227,4544,499,249,94.1,61.4,95.2,1.4,79.4
1038,33,14,94591,7565,8,79.1,39.7,22197,6116,842,122,62.9,86.9,71.5,2.1,69.2
1039,33,15,2310,1734.5,12.26,81.4,55.9,688,130,12,4,69.5,87.5,61.4,5,87.7
1040,33,16,3529,353,10.03,59.4,39.9,633,212,7,4,48.6,48.3,74.4,1.3,94.3
1041,33,17,1261,216,17.17,58,38.1,4897.5,80,2,3,30.9,87.8,95.5,3.9,73.2
1042,33,18,1301,70,5.39,72.9,43,624,72,16,4,65.4,69.3,61,4.8,76.2
1043,33,19,24859,2928,11.78,60.9,30.5,9038,3448,202,71,55.8,73.2,95.8,1.5,65.2
1044,33,20,25403,1923,7.57,50.3,33.9,4320,1629,172,71,43.1,95.1,83.3,0.8,73
1045,33,21,33555,1882,5.61,67.9,39,24236,2524,397,181,57.7,73.4,67.6,1.5,85.4
1046,33,22,635,38,6.07,72.5,38.5,170,15,3,0,47.7,38.5,88.7,0.8,64.7
1047,33,23,34499,5700,16.52,62.9,41,15277,4456,199,41,70.6,48.6,67.5,2.9,68.5
1048,33,24,32247,3671,11.39,49,34.2,3355,1232,274,23,76.8,89.4,82.3,3.3,92.7
1049,33,25,2104,294,13.98,72.8,27.1,4897.5,157,9,10,69.3,76.7,83.7,0.6,63.1
1050,33,26,209847,27878,13.29,60.9,23.2,34230,9604,1261,545,78.1,45.5,94.2,3.2,66.5
1051,33,27,16726,882,5.28,61.9,36.2,2439,1291,120,58,92.8,72,86.6,4.7,72.6
1052,33,28,117773,4934,4.19,72.8,50,20790,6853,268,282,87,50.3,99.5,2.8,88.2
1053,33,29,31125,3769,12.11,88.7,29.8,7094,1771,255,24,70.8,42,96.7,4.9,95.9
1054,33,30,13461,2034,15.11,82.8,55,2408,511,75,26,64.4,89,79.5,4.2,67.1
1055,33,31,293,24,8.24,71.1,20.3,82,11,1,0,30.6,57.3,84.4,0.9,73.3
1056,33,32,1318,181,13.76,55,31.1,444,123,9,2,40.1,50.5,95.8,1.4,66.2
1057,34,1,23644,3511,14.85,82.9,31.5,13671,3367,308,161,97.4,66,81.7,4.5,61.3
1058,34,2,1211,130,10.77,48.8,14.6,402,126,8,2,56.7,70.8,98.8,3.6,66.2
1059,34,3,22119,2886,13.05,65.2,38.5,3430,1384,154,63,61,76,68,2.5,56.3
1060,34,4,127215,9932,7.81,71.1,24.7,32483,4251,542,82,38.8,45.6,81.8,3.4,88.4
1061,34,5,18565,2043,11.01,98,31.7,8737,1719,187,39,44.8,75.8,64.9,4.1,93.7
1062,34,6,1631,217,13.36,69.6,31.7,329,58,5,2,82,69,97,2.5,92.5
1063,34,7,83062,6266,7.54,48.2,15,20670,4940,183,109,55.6,81.3,84.4,3.9,91.2
1064,34,8,18706,533,2.85,56.8,35.4,8412,579,180,68,44.5,52.3,83.7,0.9,95.8
1065,34,9,2984,140,4.72,90.6,43.2,2141,160,41,16,37.4,63.8,80.1,3.7,59.2
1066,34,10,26306,2634,10.02,97,54.9,11548,792,283,98,30.1,78.3,88.7,3.4,65.4
1067,34,11,51408,1848,3.6,95.4,56.3,19290,2293,341,80,70.7,74.1,98.3,2.2,92.9
1068,34,12,39219,3719,9.48,58.8,27.3,8897,2461,252,101,69.5,64.8,63.5,2.3,74.2
1069,34,13,92846,15612,16.82,75.9,50.6,9681,5592,422,135,51.2,83.1,60.5,2,63.3
1070,34,14,73161,1602,2.19,81.2,28.2,11253,5392,371,269,74.9,68.2,97.8,4.1,80.3
1071,34,15,3471,224,6.46,69.3,34.8,349,249,9,4,79.8,47.1,71.8,2.6,96.2
1072,34,16,1377,49,3.59,93.4,40,952,152,13,6,30.6,63.3,63.7,0.6,59.8
1073,34,17,842,1734.5,15.54,66.1,36.4,306,67,6,2,36.6,95.9,78.8,0.6,76
1074,34,18,1030,160,15.61,53.9,28.4,282,71,16,5,37.7,54.1,77.9,0.7,71.4
1075,34,19,51228,8380,16.36,65.7,44.3,6781,2340,298,123,35.4,48.6,73.5,2.3,94.9
1076,34,20,20226,3518,17.4,49,30.7,5967,2004,127,29,38.8,43.7,89.2,1.9,72.5
1077,34,21,79106,5458,6.9,90.3,41.1,16090,2220,184,212,58.6,64.9,60.7,2,90.5
1078,34,22,668,31,4.64,55.6,31,118,15,4,0,31.2,43.2,86,1.7,79.9
1079,34,23,54962,5360,9.75,96.4,34.2,6770,4874,230,132,33,95.5,93.5,3.8,84.1
1080,34,24,32849,5540,16.87,80.1,53.7,7472,2745,91,72,84.3,65.4,95.4,1.7,88.7
1081,34,25,2044,102,5.01,45.9,31.8,1094,143,15,7,83.5,83.6,68.4,4.2,55.2
1082,34,26,156542,17304,11.05,86.8,51.6,25077,11684,1619,576,44.1,39.1,60.6,1.9,65.4
1083,34,27,13628,503,3.7,67.3,20.7,1600,1159,139,14,48.3,69.8,94,2.2,93.8
1084,34,28,47539,5807,12.22,73.5,42.4,10932,7032,211,151,54.2,69.2,86.3,3.5,75.7
1085,34,29,30382,3441,11.33,70.1,31.4,9777,1366,210,79,49.5,95.9,73.6,1.5,99.4
1086,34,30,12306,1696,13.78,93.2,39.5,3304,526,40,7,50.5,97,86.8,4.4,60.7
1087,34,31,176,13,7.46,81,30.1,45,22,2,0,50.8,53.9,72.9,2.8,81.9
1088,34,32,1193,25,2.12,53,17.2,144,117,6,1,95.4,56.7,86.9,3.5,59.5
1089,35,1,57536,8272,14.38,84.2,45.2,12899,3371,143,92,68.3,91.9,94.6,2.6,79.6
1090,35,2,1595,245,15.4,74.9,24.9,238,141,9,3,31.8,43.4,80.1,3.2,89.3
1091,35,3,14754,1734.5,10.06,86.1,39,9730,753,243,97,33.2,68.1,72.7,1.9,66.6
1092,35,4,77433,2353,3.04,47,22,30214,4854,713,179,66.3,77.6,73.2,1.8,92.9
1093,35,5,21837,2854,13.07,70.6,29.9,3128,1667,179,71,45.2,61.7,87,3,98.3
1094,35,6,1540,43,2.82,84.1,40.6,396,34,10,1,35.7,43.3,98.6,2.5,78.9
1095,35,7,53510,3173,5.93,89.7,55.1,8593,3920,222,78,47.7,55.7,80.1,2.7,66.8
1096,35,8,32623,2701,8.28,50,26.1,5884,1413,132,65,69.2,66.5,70.9,4.9,81.5
1097,35,9,8498,830,9.77,51.2,18.2,1620,273,26,12,55.7,63.8,67.7,1.8,68.9
1098,35,10,27037,1604,5.93,66.2,35.1,5551,2363,120,99,35,60.1,77.9,4.6,93.6
1099,35,11,39460,1467,3.72,91.8,61.1,19590,3246,416,178,91.2,50.5,82,4.2,55.7
1100,35,12,41189,6259,15.2,65.3,27,5531,1921,208,94,92.5,92.9,98.8,4.8,59.3
1101,35,13,71505,11850,16.57,75.5,28.2,10656,4702,349,52,58.9,62.9,87.7,4.6,60.6
1102,35,14,123403,20347,16.49,56.3,26,19439,5437,884,86,47.6,61.5,97.8,1.1,68.3
1103,35,15,2917,389,13.35,90.2,37.3,678,159,24,7,49.6,73.6,97.4,4.7,93.5
1104,35,16,1838,168,9.19,61.5,18.6,725,254,15,9,65.9,84.4,60.8,2.6,67.6
1105,35,17,895,135,15.16,57.6,36.2,326,46,5,2,38.7,91.9,86.7,3.6,89
1106,35,18,1162,160,13.83,56.4,36.5,355,177,12,3,60.8,71.3,60.9,1.2,89.8
1107,35,19,37425,4056,10.84,69.4,47.9,9031,3804,197,61,43,37.9,84,2.8,77.1
1108,35,20,20618,1756,8.52,81.5,33.9,2622,1767,155,49,67.3,40.8,83.1,3.3,90.5
1109,35,21,91154,11883,13.04,69.7,30.2,10733,2900,639,151,88.6,37.3,73.3,1.8,75.5
1110,35,22,662,96,14.56,66.2,40.3,58,40,3,1,63.5,94.9,90.4,3.7,98.1
1111,35,23,36624,3255,8.89,80.7,29.4,13417,3438,311,82,87.3,51.2,80.3,2.3,81.5
1112,35,24,47048,6649,14.13,67.6,35,6299,3492,184,76,35.7,56,94.4,3.4,58.4
1113,35,25,4010,563,14.05,71.7,44.8,807,206,9,2,32.4,64,89.6,1.2,97.1
1114,35,26,270758,42112,15.55,46.6,25.1,67558,8370,1541,664,57.4,76.3,98.8,1,56.1
1115,35,27,23839,1734.5,8.25,71.1,19.2,3238,1148,43,26,58.8,65.6,64.3,1.7,76.4
1116,35,28,112421,2838,2.53,80.9,37.9,26708,5372,749,112,38.5,58.6,73.8,1.5,68.6
1117,35,29,26808,2101,7.84,54.2,36.1,3701,1453,180,39,77,39,72.1,4.9,84.1
1118,35,30,7850,478,6.09,92.4,57.1,3480,1075,34,23,84.1,54.6,99.4,4.4,74
1119,35,31,358,49,13.76,61.9,31.8,80,26,0,0,80.9,75.6,92.8,3.7,83.7
1120,35,32,1603,134,8.4,74.6,38.8,289,53,7,2,46.3,36.3,80.1,1.5,76.3
1121,36,1,44386,2079,4.68,69.7,24.3,4447,2234,375,40,82.1,44.9,96.1,2.6,81.6
1122,36,2,1268,96,7.64,90.9,61.4,315,114,8,3,36.1,85.4,97.9,2,82.4
1123,36,3,23649,2741,11.59,73.4,30.4,7968,1274,226,95,49.9,96.8,80.5,1.9,92.8
1124,36,4,106743,8076,7.57,85.9,53.5,15938,2979,682,257,96,72.6,78.8,0.9,69.1
1125,36,5,28970,2740,9.46,89.6,29.4,3981,2146,211,36,48,88.8,60.8,4.3,89.5
1126,36,6,1226,144,11.76,98.6,54.5,240,71,9,3,97.8,79.9,90,2.4,66.1
1127,36,7,82179,2572,3.13,54,32.2,6512,3249,559,208,83.9,82.4,93.9,4.1,60.2
1128,36,8,12843,1737,13.53,92.2,49.7,5866,2046,178,44,64.5,94,78.6,0.6,66.1
1129,36,9,4905,416,8.48,45.9,23.1,1065,154,37,7,74.4,77.3,77.2,3.5,75.4
1130,36,10,32610,1029,3.16,72.8,33.3,5741,1693,114,115,78,39.4,88.6,4.2,78.7
1131,36,11,64684,8558,13.23,93.5,58.6,11779,1524,282,101,71.2,84.1,64.6,2.6,68.8
1132,36,12,36595,3278,8.96,66.4,23.8,3557,3159,98,21,35,94.7,66.5,3.9,57.2
1133,36,13,97019,11955,12.32,57.9,30.5,23267,6777,306,79,73.5,80.3,88.7,2.9,94.6
1134,36,14,119105,9438,7.92,47.2,18,11449,3507,825,270,63.4,93.7,85.6,1.3,84.7
1135,36,15,2553,326,12.79,60.8,32.5,842,176,10,3,91.5,95.3,69.7,1.1,97.4
1136,36,16,3584,363,10.14,52.2,24.7,381,240,17,3,43.6,57.6,86.6,1,99.2
1137,36,17,935,49,5.25,58.3,26.6,357,71,6,0,48.2,36.7,92.9,5,88.2
1138,36,18,2285,277,12.12,91.3,43.1,539,57,11,3,63.2,56.9,61.7,2.4,99.1
1139,36,19,45222,7714,17.06,84.3,33.1,6893,2037,263,47,44.7,43.6,80.1,2,75.1
1140,36,20,34920,5046,14.45,51.4,35.8,3251,2556,212,40,77,95.8,74.7,2.4,60.4
1141,36,21,64496,2863,4.44,90,32.9,4897.5,2683,165,103,77.9,93.6,80.1,2.8,58.7
1142,36,22,788,74,9.42,52.3,19.9,172,21,1,1,79.7,75.4,98.4,1.6,77.2
1143,36,23,51176,3089,6.04,94.7,33.6,14105,3327,360,115,73.6,64.8,95.3,3.6,59.2
1144,36,24,18132,892,4.92,97.2,60.6,5720,1596,200,40,73.4,85.2,64.1,4.2,94.2
1145,36,25,3735,86,2.31,87.7,57.3,533,131,11,11,30.3,74.9,77.1,1.9,98.7
1146,36,26,221337,19750,8.92,76.2,28.9,63506,15846,1123,167,77.9,57.2,89,1.1,71.3
1147,36,27,12127,799,6.59,90.1,29.9,4897.5,1048,132,13,88.1,86,82.9,1,90
1148,36,28,52502,6981,13.3,52.6,22.4,20367,4306,616,71,39.5,53.6,82.3,3.7,85.7
1149,36,29,30241,2789,9.23,45.1,27.1,3091,728,85,58,56.9,72.7,94.1,2.1,57.9
1150,36,30,6838,333,4.87,73.7,50.3,4039,876,92,27,64.7,46.6,88,4.6,64
1151,36,31,297,14,4.85,94.2,59.6,52,18,2,0,30.3,54.2,61.4,3.7,67.5
1152,36,32,807,36,4.48,71.1,19.8,345,110,6,0,42.3,59.4,75.6,0.6,63.4
